Date,alpha,SPY,IWM,EFA,EEM,IEF,LQD,HYG,DBC,GLD,UUP
2008-07-31,0.0010994182981096429,0.17268973825203943,0.05325841391958599,0.08504518972371555,0.02616525790075961,-0.14940762233816385,0.18912345919956283,-0.11798249125959077,0.014727657501168421,0.03237650528553376,0.03453475351438377
2008-08-31,-0.004429683438469471,0.14081195668606403,0.052921848726446626,0.09547499286577094,0.03527109426714043,-0.1608859816027789,0.19081853589476655,-0.10075608944233645,-0.026697935000024178,0.12927062004709622,-0.02125557280638888
2008-09-30,-0.004599845041470123,0.1274979741521396,0.03520759391346932,0.08275734051724415,0.020956890320546893,-0.16266421554338162,0.17356727368743138,-0.11820242876683981,-0.02785477178552126,0.13713244173642702,-0.020113521049190758
2008-10-31,-0.00651169573779232,0.12261645498506174,0.027689592343113762,0.07818142667580415,0.015407971247389463,-0.16303268904612947,0.18233717578046565,-0.11572854713020474,-0.03991520461813848,0.1266503793777771,-0.017684220069762745
2008-11-30,-0.015260126319311883,0.11168190725642965,0.10188679605697018,0.0572244683906311,-0.0012730139162219906,-0.244746901244854,0.0919323685936751,-0.10269136972733829,-0.0459780438922527,0.04951712092235677,-0.02742884511788539
2008-12-31,-0.0025998600245196596,0.034984131966748294,0.044826731489959804,0.07816143791497761,0.053382276969735826,-0.27648073730852746,0.10317142434234826,0.0034110025634354335,-0.019757292545234804,0.032644071419024395,-0.07661911279616766
2009-01-31,-0.0019418310578409206,0.03508781687441053,0.04175966181372023,0.06865696025178576,0.05439348355210629,-0.28509278773293434,0.10573442343329394,0.008607167489447974,-0.010924532308585337,0.03700990201337242,-0.06978225797109505
2009-02-28,-0.0009227817574044661,0.031056299464171884,0.037155072418235166,0.07032073163189898,0.0644919154007722,-0.2858497974311366,0.10481169145957261,0.0008143826736094458,-0.006509749200705571,0.032503699086941555,-0.07159889565288673
2009-03-31,-0.002542050765233367,0.017488466251098275,0.04802277594320432,0.06892049867985098,0.04703244287853192,-0.2867736996699949,0.11168043662418278,0.008929758055337515,-0.004902771082151956,0.040129668604559014,-0.06980543812995234
2009-04-30,-0.0031931841386369075,0.009869404632364742,0.050130240072773946,0.04973262892253616,0.03674971307163235,-0.2580312530732197,0.12746031492837145,-0.0006232200016516431,0.022053766161820962,0.03330158199628796,-0.09027547836843722
2009-05-31,-0.0003297826833595372,0.013413439249312157,0.032699017131739616,0.08338399832383302,0.011926514645924677,-0.28263733779066075,0.1414667308329729,-0.012274496183427196,0.051783560445873525,0.02907482244050011,-0.10031145288885025
2009-06-30,-0.0020183951807294332,0.013185432942064566,0.02593971401889579,0.08764628362005362,0.030315971297337138,-0.28690710432738326,0.13285825972567136,-0.01612375590960244,0.036056966706640756,0.0384030628559053,-0.08805954661210529
2009-07-31,-0.00280220926354148,0.007523491527937329,0.0241092868344702,0.07882901299111982,0.03200012903306824,-0.28101716409709443,0.1284359234720318,-0.00994279087568033,0.04189105046149368,0.034180798019321335,-0.09581431562128316
2009-08-31,-0.0016051447488369846,0.023973410499192827,0.023546167858288038,0.1013771474134113,0.0129874993211215,-0.29387284557488025,0.13482827403245012,-0.024005747054012802,0.03489733985129375,0.0374712304759863,-0.09749304829235066
2009-09-30,-0.0022326167751393,0.022305407357346232,0.020807567947929827,0.11565889031560377,-0.0017042056691139156,-0.2960206123027898,0.13925724804198752,-0.026018710520730334,0.043013028424238486,0.031080174181955703,-0.10042844802709532
2009-10-31,-0.002646750524467011,0.020017290150072958,0.02436546615215374,0.11588364143143008,0.002806215822697163,-0.3002708206169086,0.1417345981886213,-0.030642441506260353,0.037183199704747955,0.03260790774820086,-0.09930834038669072
2009-11-30,-0.0021914349453210054,0.03701386637226891,0.02259818639678144,0.10547434568110554,0.0049445759858710355,-0.3015146007033913,0.14524669051905273,-0.03405779060608736,0.03501209970776811,0.04065476051852474,-0.09653559522650339
2009-12-31,-0.0030939321196348122,0.05329154516441849,0.011146103965692428,0.10120854499625183,0.002682078097978362,-0.2981809803517691,0.14532342438669674,-0.032580398050530264,0.03201632287351313,0.041612208616801864,-0.11392079937639708
2010-01-31,-0.0020218789103378285,0.05057167337283805,0.0144674760114305,0.10038841690886174,-0.0025527977435835787,-0.2894573133435591,0.14700759332205443,-0.03238780436922094,0.033015644650534616,0.03940102716947488,-0.11857212887761656
2010-02-28,-0.0015284068806877974,0.05025616005588954,0.019666311092702043,0.09604372790729075,-0.004985752667151908,-0.28571310242892395,0.14917256254055683,-0.03306403292808323,0.03796637600889361,0.04028088032731908,-0.11593517921847507
2010-03-31,-0.0016605898273152951,0.050178875105415834,0.01950258763550999,0.09479312982746951,-0.005836057036586334,-0.2842068566393589,0.14867874812335732,-0.031642283253376285,0.039166190660543665,0.039879346604643845,-0.11752690289150852
2010-04-30,-0.0015430799114362972,0.04876953981993206,0.022873094576958727,0.09195406273033721,-0.006321157193906075,-0.2828342052575978,0.1506366247497474,-0.03264179421914858,0.040910592698850334,0.04028520221050119,-0.11774844587978252
2010-05-31,-0.0003837707342540695,0.030956379056330488,0.022368471810696216,0.09416165363313535,0.006377752867371169,-0.26101022559565495,0.14293997945443077,-0.027609354368561375,0.036204474393279576,0.04760539313076904,-0.08019200600440884
2010-06-30,1.9484939736328635e-05,0.028978850531538425,0.019017307799788382,0.09577514257673131,0.0066427318016858495,-0.25834299360625607,0.14158160102875578,-0.025061504217226024,0.037217803296739384,0.0456589800415062,-0.08233224427565938
2010-07-31,-0.0006581776633536266,0.02785841527944183,0.02179771634421431,0.09224502887428881,0.008839516463741592,-0.26045876942277146,0.14540375824754906,-0.026399381651458123,0.03588664518131427,0.050688554463460635,-0.07321961628687383
2010-08-31,-0.000233400859673534,0.027145405682740906,0.01876921848495603,0.09468885386734303,0.00952991887046821,-0.2581700947584714,0.14604900522931683,-0.025353882444066923,0.0362408102866922,0.05195974931652488,-0.066695480847834
2010-09-30,-0.0006538174141618675,0.026722269309415646,0.014920184221783376,0.09667628028015225,0.010458651855999243,-0.2557434206679447,0.14513349348300783,-0.022389448482312318,0.036234470455646595,0.051629459565236055,-0.06003115115599955
2010-10-31,-0.00034753748787336104,0.028490695810780425,0.014399283175976236,0.09734782983666611,0.008435910413824198,-0.2564035548636906,0.14368597777863495,-0.021320487129025133,0.03654992598438587,0.05197458468543107,-0.061274256569962715
2010-11-30,0.00010413659066559993,0.026257153139194724,0.018436431678370863,0.09673748455101241,0.008552597515607692,-0.25692320010483755,0.1457466253451824,-0.023245108273485138,0.037944369273382975,0.05369259090998334,-0.053117460444855956
2010-12-31,0.00013779319139326564,0.02632277550667597,0.01842189175189568,0.0969108010352621,0.008351438852699516,-0.25732899376949886,0.1457885297021805,-0.02329840055604685,0.03800951623363141,0.053705483283003445,-0.05331073749719909
2011-01-31,-0.0002994643714406731,0.021676170024989824,0.022261627635501977,0.09552579304537519,0.013580736848103375,-0.2603095084106878,0.14916753022179507,-0.02778923542740739,0.035691131972115944,0.05649306277206587,-0.050131692938643065
2011-02-28,-8.78882632434757e-05,0.020976614924632972,0.02382346015715389,0.09700926207580604,0.011598789124252364,-0.26131433165982526,0.15029907004160775,-0.028554280441272693,0.0358920604144065,0.05760655510351055,-0.049794914765161645
2011-03-31,7.821934571223787e-05,0.020398162217005574,0.0246316467240271,0.09388145097325697,0.013823214765963453,-0.26162151417027996,0.1512492421036334,-0.029606025789564182,0.035755892279883204,0.0570500326063376,-0.051982235753832914
2011-04-30,0.00016174738120589683,0.020271310205297936,0.024677256598015642,0.09447122361563698,0.013419885595203759,-0.26165799004562085,0.15136596718252374,-0.02971387869461789,0.03567847855890581,0.05737062861370449,-0.05211497989519909
2011-05-31,-0.0009759017627818511,0.01751531955656812,0.02931544202263454,0.09241502590992642,0.011898130680227919,-0.26852773522578083,0.1552766037702982,-0.033436667519133594,0.038715250816778304,0.05876282590362832,-0.058556182966887964
2011-06-30,-0.0009141889859297003,0.017646041605467105,0.029045148031153885,0.09238421881309544,0.012089740847588393,-0.26889508849219673,0.15510154488003924,-0.033377324045436134,0.03835716925306761,0.058695386392558835,-0.05894345472043168
2011-07-31,-0.0013470627381699774,0.019313342765712727,0.028866328028746925,0.09389604393020565,0.012399085760927065,-0.2729844426302349,0.1543011657851383,-0.03444693941816263,0.03498792603598746,0.058386803694875214,-0.060566225556481376
2011-08-31,-0.0012970984511320254,0.019749673502296505,0.028646284589662768,0.09350220390928322,0.012119004874035296,-0.27237790744713164,0.1538574174160348,-0.03394108062906833,0.03512890972203521,0.05861637117671805,-0.06071866406300193
2011-09-30,-0.0012653557364898575,0.019993784622632953,0.02846706959284541,0.09359313914759447,0.011992074488694947,-0.27235710702701843,0.15391118671151033,-0.03393913540690555,0.03503192570815842,0.058490261503725084,-0.06061902432830083
2011-10-31,-0.000389694330324253,0.025938407887779735,0.029737568710718955,0.08801020864468068,0.01683554322288436,-0.27833504689927785,0.15601574289793815,-0.034384092499244116,0.03176587801476184,0.06062035542997594,-0.06142285828504973
2011-11-30,0.0003400559536719227,0.023477953356612003,0.029154101367592063,0.09256953920394072,0.01717795095801076,-0.2745830246915204,0.1495170721290233,-0.033068639304285406,0.03226326062071444,0.061235263638867395,-0.05419979297305926
2011-12-31,0.0008398383739505916,0.02563555741833798,0.0285586519352975,0.08957797050302194,0.015866770150529202,-0.2704388460734325,0.150239728355459,-0.02970768187180973,0.03473905900711795,0.05755088883754135,-0.055418465792161496
2012-01-31,0.00024856211858206476,0.02808802534893848,0.026393725319330087,0.08853623458992704,0.012383865063948781,-0.2670074254005137,0.14562800951783889,-0.024292085146088688,0.03672136490424052,0.05515813416645864,-0.05851544712430221
2012-02-29,-0.00042029689792501615,0.02656782500319712,0.029385704457180337,0.08685300159597066,0.011573923226583077,-0.26379968337277576,0.14310724731766236,-0.022684918987154447,0.03505069369099912,0.0566922547964647,-0.0603209754524888
2012-03-31,-0.0004072812714920275,0.026707682860621165,0.02936761191919727,0.08683298370049702,0.011510085599026951,-0.263921198019593,0.14309504498490141,-0.022698369542728383,0.03498775536838651,0.056712895919739645,-0.06044442756142634
2012-04-30,-0.00010173801796821267,0.02639059941857422,0.029254500156574128,0.08583745735896223,0.011717888107713544,-0.2619543556455194,0.1418749082326795,-0.0215331463469624,0.035157267995962756,0.05622794440533418,-0.06187122515459319
2012-05-31,0.00039570229254675906,0.025157056674956674,0.03056041934462684,0.08311207343153736,0.013265560068080284,-0.2599122012243641,0.14373820844267987,-0.02279088647948546,0.034655773622185464,0.05514905588688184,-0.06074344110838504
2012-06-30,0.0005701867594863155,0.024454456030232576,0.030284704964128776,0.08483910763998796,0.012833321317980208,-0.2601070710797576,0.14256455651815228,-0.021843444004703862,0.034329722794432534,0.05550475628511026,-0.06020026682915377
2012-07-31,7.504650305674985e-05,0.024810542305173138,0.0309947299889853,0.08438002868076154,0.013110739370686618,-0.2607870587195983,0.1383620546071591,-0.020251065895665773,0.03033855485232604,0.0561877772358792,-0.06473246595219476
2012-08-31,-0.0003059519514563521,0.026886718319130237,0.02925855215892737,0.08281766279174885,0.015093798279296203,-0.2606920634691509,0.1389752633674021,-0.0202792302863342,0.029308047087484832,0.05570249587171765,-0.06402455014600468
2012-09-30,-0.00017224860381799783,0.027089752340847633,0.029305185940646104,0.08247719567654131,0.015620403084040297,-0.26173478359987157,0.13956089698585103,-0.02095802645553265,0.0286295435241776,0.05591263057351495,-0.06473819001692364
2012-10-31,-0.0012619281699370068,0.03461043414227649,0.03060597430878282,0.07618240291931193,0.014050383768689386,-0.25741927151397187,0.1394576475941325,-0.02091424964648213,0.03131273785485395,0.05684442951956096,-0.06500522710718705
2012-11-30,-0.0003881951645208176,0.0282446410567396,0.030376000024251164,0.08324509298899418,0.013974571987143742,-0.25023388808788827,0.13253886875502172,-0.018331558378918474,0.0335262068988805,0.05607224632277687,-0.05776473633118887
2012-12-31,-0.0005452979155021536,0.029833991830003587,0.02994888510880312,0.08258158712306261,0.013207976064017706,-0.25012061717121326,0.1327484453231088,-0.017980517208229126,0.033826846473949526,0.0562839473460871,-0.05808974913989338
2013-01-31,0.0005408287993318641,0.03674141636156885,0.03269399908392193,0.08166475311695008,0.006961458722205464,-0.2526221043851828,0.1324242453146482,-0.019473648524300894,0.033994340555891116,0.056880811916859564,-0.06298309481857922
2013-02-28,0.0011198372801656488,0.04015383262625289,0.03109584753710531,0.08146677950627829,0.007294031492726341,-0.2506320505599613,0.1319780090534174,-0.0182624938446534,0.033299647175240615,0.056784300328953125,-0.058321276868503955
2013-03-31,0.00177868924044641,0.04330316141923363,0.03197000523135158,0.08091752988785354,0.005094187943691357,-0.24991282058715164,0.13160353710650294,-0.017857787988849797,0.03357096118978191,0.057814105548807795,-0.057229177393248565
2013-04-30,0.002681151029742802,0.045392065361727976,0.02747080990514145,0.08375374689575438,0.005721383422504916,-0.24817267554071978,0.12994875176024304,-0.01669661137055259,0.03116291880514488,0.05519613534292829,-0.06196682817133293
2013-05-31,0.0029975115121561847,0.046963084706585306,0.02875119754556027,0.0809678314568514,0.0052295917097652245,-0.25059165892500435,0.13113107501237128,-0.01819186225577823,0.031172673126909918,0.054765424934737975,-0.0648555820660619
2013-06-30,0.0018227599063750876,0.05066311701725927,0.026568211006509867,0.08674475456247481,0.00572564941353427,-0.24740591081700064,0.1335739214030813,-0.018497951457119924,0.0300960198785264,0.059604910088586066,-0.04994467303630889
2013-07-31,0.0018419201167151243,0.050664811622417934,0.026627112786219865,0.08681328477983967,0.0056262093776511205,-0.24745247550164576,0.13360002826947315,-0.018477784539453312,0.03008265074867096,0.05969363378168059,-0.049936153607864076
2013-08-31,-0.0008753771851308914,0.06855452258482078,0.028376294996041464,0.0801044953350845,0.004916624533369957,-0.23861951022007752,0.13207049438592022,-0.020198843917857368,0.023250778990174012,0.054700520713465504,-0.061501651841665284
2013-09-30,0.001340631623399054,0.0453288601691995,0.04260897216997801,0.09184489284996805,0.013026934279126637,-0.22193614644063453,0.13257081702126672,-0.03385408705352257,0.018413403110007776,0.048963280301520605,-0.0643318219149609
2013-10-31,0.003198854411338948,0.06894628649563732,0.027121122576977255,0.0857701999533397,0.018938334726409725,-0.2218183550083708,0.13053470765667544,-0.028026306198732517,0.01465212211104084,0.05082266427814286,-0.057474698595390235
2013-11-30,0.004194569806882441,0.07147127907242795,0.028886989741730103,0.08091478288912156,0.019165992652858867,-0.22301789284044912,0.1335847549230236,-0.02996697038628226,0.015280727171177868,0.04911529478121703,-0.06111845270161903
2013-12-31,0.003383878915403442,0.06916108560166558,0.030031191072167878,0.08172305395194891,0.019964375057787594,-0.21755490299816765,0.1301987192062485,-0.0284310502056463,0.01531870577805578,0.049472263449657106,-0.05816576864704413
2014-01-31,0.0014963549802460394,0.08026173191937339,0.022699856718524022,0.08212804964694297,0.027205543228465495,-0.23014086490871402,0.1312687803036303,-0.03506268606494027,0.011120279076945556,0.04702927057782241,-0.06041342916718938
2014-02-28,0.0017489042880652883,0.08036179298532271,0.022471854596751984,0.08334049121665074,0.026722909188343528,-0.22997303437021013,0.13087466517560123,-0.03477726766969387,0.01136891360076399,0.04761271783144487,-0.05948395947671129
2014-03-31,0.0019173612378355325,0.08098937688691285,0.02173213705246805,0.08242640785207107,0.0277676301313195,-0.23021545887208497,0.13093829762237538,-0.0348774622699538,0.011300609719981768,0.04739097425964615,-0.059510297993727916
2014-04-30,0.0009522860322200996,0.07551656767434327,0.029388475161485798,0.08117114400841939,0.026658229263040557,-0.22971184180660836,0.13273443200435803,-0.03721647161553861,0.011645569812164807,0.04698631440638412,-0.0612251532840278
2014-05-31,0.0029216991259214064,0.0802397126727895,0.025281230592739845,0.08034748099477688,0.032249082817912444,-0.22006275098465405,0.12994025931101094,-0.03597175266322744,0.011092977384735445,0.04520919160101645,-0.051922236104047656
2014-06-30,0.002491049777576312,0.08217257122078904,0.02250092184175459,0.08155524976673874,0.03225518193701514,-0.21941880325089838,0.12883955388346507,-0.034822014280826104,0.011029906359136971,0.04450598669497609,-0.050585839568203186
2014-07-31,0.0011110566493511104,0.07224021747306078,0.03480362795343535,0.08407278846543298,0.024119490785522325,-0.21347837874729925,0.12995590083165903,-0.03420324975910092,0.01617723487830868,0.044037256072580175,-0.05611492249679378
2014-08-31,0.0026171323590528537,0.07795828687779303,0.03829772500953157,0.07667421014779095,0.025599758204264942,-0.20673244930191026,0.13139741690964113,-0.033158008688844394,0.01597251353804224,0.044152042459855,-0.05428089973844871
2014-09-30,0.002394768701204533,0.07628487078601649,0.04011799691658897,0.07557442726783427,0.026333148059568573,-0.20588359948434232,0.13286711517938757,-0.034372749299892376,0.016782798671817485,0.043842643838329656,-0.05552515675387578
2014-10-31,0.0030356293492208412,0.07240567629619268,0.04571239181163932,0.07360286632188141,0.0266807556576611,-0.2036070927252605,0.13537991476013275,-0.036951344657170836,0.01695650817046289,0.04280219147637076,-0.05749735752550719
2014-11-30,0.004733540882450746,0.09310025401361974,0.0370731599608544,0.0750601167281176,0.025830084262594248,-0.2100114456919619,0.1354328749687438,-0.03901059919602202,0.0034419966527290506,0.04867580544136002,-0.057543983422862904
2014-12-31,0.005364164495217375,0.09190803895644058,0.040303191522934656,0.07330213671966089,0.02532088264420065,-0.21309779750245628,0.1369040395806511,-0.04001086209500464,0.0003080538724175709,0.05026069760892454,-0.06022346163485451
2015-01-31,0.0036570851777378405,0.11463054552054837,0.04038437193990281,0.044668164566639634,0.02634010737258541,-0.2239667181301962,0.13940191895394383,-0.0431858378737245,-0.0018478878045549655,0.0431014755484245,-0.10210920617838101
2015-02-28,0.004886102484015116,0.11292115355801803,0.04013948463910653,0.049427422871017944,0.0247624683134093,-0.22383821910857885,0.1352962623855913,-0.04114609623852827,0.002716829192590327,0.04034072731864837,-0.09915757920534075
2015-03-31,0.005431843374953893,0.10783782786467176,0.04322500233792395,0.05038882206487604,0.02494879309574184,-0.22325232228634564,0.13638888831394672,-0.04287790101098255,0.003006455019449071,0.03977166420818856,-0.09856492381603715
2015-04-30,0.003586532520430218,0.1072970647429793,0.05040474609844233,0.0557352689724945,0.020456521156487537,-0.22551537873773625,0.14364748972029626,-0.0477995005055377,-0.00202408140169149,0.04277799261988693,-0.08597544227833898
2015-05-31,0.0038254849086901766,0.1075035675419316,0.050479888833951055,0.05661293147173991,0.019399870309044803,-0.2255967105303008,0.14267110051043122,-0.04701195453787457,-0.0021960855859703018,0.04317706203916013,-0.08534441170092512
2015-06-30,0.0020917101263222436,0.11781264559617195,0.04113455359603613,0.0649605952870505,0.02088397630234673,-0.22169544714529235,0.13573482981714333,-0.040904842242210804,-0.006662544392425753,0.046331463968698326,-0.06852609032098524
2015-07-31,0.0020896116000637135,0.11778942497594211,0.041147538439431385,0.06494884579844448,0.020892901929841553,-0.22169376475554592,0.1357414591409086,-0.040908926355231356,-0.006646399291978408,0.04632959414069714,-0.06852264644125883
2015-08-31,-0.00029452414347536137,0.12482804360087776,0.038998844129850815,0.07721283988152552,0.025670387584844745,-0.21946134989736338,0.13490548681375367,-0.04644735386356094,-0.01098608953338458,0.045743818588777116,-0.04776287520352828
2015-09-30,-0.0006583278184113467,0.12416816534266834,0.03913836014923762,0.07902000341616365,0.02473779315815385,-0.2193827163580508,0.13250145614440278,-0.0444824346395078,-0.011210794295672713,0.04625869588446359,-0.04657411366673901
2015-10-31,-0.0005001887817306263,0.1261620035024729,0.038151818075173746,0.07906323558733674,0.024967660533655317,-0.2197226314678979,0.13192512425962066,-0.04386736800708852,-0.011561099189380643,0.04669585824076374,-0.04569525561404595
2015-11-30,0.00013623706724543642,0.12183789988862577,0.04198453383453815,0.08091068466653542,0.02508956109030717,-0.22064336008515828,0.13578488666372662,-0.048509558213989376,-0.011273148552258574,0.0455517855736976,-0.04310960229456601
2015-12-31,-0.0010012820362633214,0.11665259290058773,0.046800931113115445,0.08417564333116481,0.02458533409328048,-0.21597165030254767,0.13855864147115554,-0.0506143625536736,-0.00673509324780054,0.044370722693518314,-0.03302020912638533
2016-01-31,-0.0004727297104796216,0.11654466736563886,0.04501926235601819,0.08358507389059576,0.024988607195980297,-0.2126754040302703,0.13537358210501924,-0.047984124362998114,-0.006627898092333756,0.04507178564473717,-0.03240161682156721
2016-02-29,-0.0003688349411529199,0.11698207140450309,0.04503944119867446,0.08290364534367363,0.025038628665101446,-0.21272330775483453,0.13534323597718287,-0.047641104984200655,-0.006703901152063516,0.045381840060508154,-0.032883181466101606
2016-03-31,-0.0012702799764361316,0.11664676120638616,0.04216264130188478,0.08661790696107739,0.020704448513861617,-0.21022549387650133,0.12610063184802198,-0.04102331104041946,-0.007840849554463266,0.04734448840991433,-0.02918516056931133
2016-04-30,-0.0016318509194568947,0.11906248329751287,0.04123667527948129,0.08514662992604335,0.02194917362956616,-0.2108538472232373,0.12586434665181695,-0.04173452504251371,-0.009961159690501816,0.047546880030075116,-0.030433912595265605
2016-05-31,-0.00041796179511927674,0.11690938356938561,0.04292790467752357,0.08912157243801316,0.01880938422471912,-0.20572703029578537,0.12368900391762316,-0.0410478747558489,-0.005779229245272514,0.044928144436146566,-0.02189664536222862
2016-06-30,0.00036668683400735294,0.11829238661086978,0.04263220622300222,0.08434283129944428,0.02189543195234382,-0.2024935898668511,0.12523601973594806,-0.040838472316056376,-0.00423597738082534,0.04567618178233926,-0.020134615778562015
2016-07-31,0.0007849078155637906,0.11820474748727701,0.043208222875498505,0.08506249169912974,0.02265157375696214,-0.20428438289689457,0.1253388783499094,-0.04149343507418769,-0.006662267586897785,0.04640429082811105,-0.021060945988289607
2016-08-31,0.0009821847240725282,0.11734207773650691,0.04338648398045236,0.08542313080307518,0.02261682931884889,-0.20438675555531124,0.12508435624306738,-0.04109598613212002,-0.006419248673328986,0.04613410889014742,-0.020702758493722495
2016-09-30,0.0013458553518581997,0.11574842642149673,0.04366502060370178,0.08622473449285896,0.02266967706741986,-0.20326990163434164,0.12395565451579134,-0.04069657401304306,-0.005597342382331933,0.04580926118763246,-0.020122511503924374
2016-10-31,0.0007481149040338434,0.11518420233287517,0.04639827915191352,0.08542531527652666,0.021803264316507864,-0.2016762357284214,0.1254222513960506,-0.04162664167308688,-0.005752764868904092,0.04593255787260428,-0.02356046282223205
2016-11-30,0.0011328053691228416,0.11440641326581776,0.0494404581086411,0.084830019572394,0.020262132148560263,-0.2024937852444883,0.12618655115705102,-0.0426051396186287,-0.004824147129699472,0.04526558688035921,-0.023330638054030503
2016-12-31,0.0016214923596591599,0.11351253662254301,0.04961009955726653,0.08675498315803697,0.01917583899580525,-0.20145013347309915,0.12652326316590257,-0.04250354118431891,-0.003664067986830358,0.044976757108342265,-0.021976449112087078
2017-01-31,0.000912733816135838,0.11163284746285726,0.05164646612837514,0.0872189818925652,0.017352568452199527,-0.20013650225496257,0.12828312202120531,-0.04304166663856272,-0.0012745284260817567,0.043749672526430056,-0.018965118696739704
2017-02-28,0.0013861396178511556,0.1151717833876749,0.050141492811941114,0.08651683508434348,0.017315807748591282,-0.20019835982972267,0.12846272332307518,-0.04261059884003924,-0.00169913774526938,0.044478165777500085,-0.01773645779534389
2017-03-31,0.001374247941099398,0.11522021099475299,0.050142918025400635,0.0864721134469924,0.017300097196476166,-0.20019692580448623,0.1284842853439439,-0.042601857540874005,-0.0016747665648813646,0.04447819155562046,-0.017733439692411698
2017-04-30,0.001411410278254256,0.11518936825172156,0.050166777695490924,0.08650161794573048,0.017278231342032532,-0.20018396770358976,0.12850457608617127,-0.04262270643208192,-0.001732293179938952,0.04448788351443219,-0.01786255302851022
2017-05-31,0.0011813317242000347,0.11462326662238136,0.05088899669350736,0.0863094889289856,0.017266856660487356,-0.2001139218787809,0.12854511110752917,-0.04278007532936956,-0.0015142585367061792,0.04457323574420432,-0.017300954993460314
2017-06-30,0.00023710988460377011,0.11711816969605855,0.04751647081162034,0.08847695287094316,0.017317716127822284,-0.19878227795589173,0.12518530597727245,-0.04006631041755643,-0.001576018929109534,0.045654189503323055,-0.012921685354229138
2017-07-31,0.00015945249730126948,0.11699691306713529,0.04759141251715213,0.08864936791595639,0.017196014247930286,-0.19885077114581393,0.1251745625564693,-0.040035053798928695,-0.0016726574611590915,0.04568423328014866,-0.012737797749394509
2017-08-31,0.000668220794402051,0.11756713673660758,0.04697464929009202,0.0881343238019168,0.017624068968649542,-0.1979825082272567,0.1246091197434411,-0.039842136483001445,-0.0015773624707599897,0.046086731491633365,-0.01194945681719585
2017-09-30,0.0004623247825310999,0.11860214369632897,0.04605882925044511,0.0875397217614664,0.018049483990313177,-0.19778831470094657,0.12402580075018374,-0.03931435506855767,-0.0019393674828614535,0.04626014892041281,-0.012341406644424855
2017-10-31,0.0009519219843445697,0.11951665787380446,0.04507717477028019,0.08775043857803783,0.01857859128525171,-0.19741050572816787,0.12417001922719399,-0.039685904923222486,-0.0008920235124782218,0.0460660721191659,-0.009588353107240433
2017-11-30,0.0003644298617988621,0.11673869776344444,0.0449621689626298,0.08949051851901677,0.019629807383555048,-0.1969365555227365,0.12362132274240094,-0.03901376916266693,-0.0005862639264342053,0.046006259102539165,-0.006508779552833636
2017-12-31,0.0003435979604635387,0.1167295690447083,0.04498878840849413,0.08950303065642118,0.01960197972708716,-0.19690669702767238,0.12357545386045399,-0.03899055105081258,-0.0005984866696581155,0.04600173918958386,-0.0065281720869489555
2018-01-31,0.0011070315344696839,0.1225106190023055,0.04211928286998145,0.0878317090444042,0.02117033332774396,-0.20122266269309097,0.12218546410077427,-0.03919271301286862,-0.002416790423830733,0.04706497624476123,-0.009728493775695114
2018-02-28,-0.0006282372511151727,0.12719110098660588,0.04316877246958729,0.08788373230830639,0.02355150885853327,-0.2024586019020467,0.13027509783398328,-0.04648631480461901,-0.0015013174839012128,0.04741009597408495,-0.01114424183157934
2018-03-31,-0.0007675582533340543,0.12847363604001996,0.04249721472848827,0.0876700200165783,0.023515510589730167,-0.20299534628639612,0.13009297914573462,-0.046228542716139104,-0.0017799927429847113,0.04754937387430303,-0.011195047194019855
2018-04-30,8.49258639930826e-06,0.1268954898155139,0.04216292877740882,0.09189640552729565,0.021230838429371176,-0.20235776486434673,0.12754629447453028,-0.04435763620695046,-0.0004056618065633674,0.04791492704227382,-0.006563721561998866
2018-05-31,0.0001052681718068225,0.127021608079511,0.04253031345305415,0.09161071906969971,0.021099864235929078,-0.2019371369048514,0.12780500592700986,-0.044567913078016407,-0.0001991321734462878,0.04784050965236819,-0.006408760370898556
2018-06-30,0.0005870169867524224,0.12829723830700826,0.042150063597793545,0.09098051502629988,0.02022529068737629,-0.20136704630980182,0.12703863484866393,-0.043622603051102105,-0.000689016440215889,0.04745923520217412,-0.007763279925925859
2018-07-31,0.0005820515142471274,0.1282758640218274,0.04216320552508958,0.09098380675231668,0.02021787708377251,-0.20134988722777059,0.1270297025624048,-0.04362525214035671,-0.0006774027492282758,0.04745871970687548,-0.007762823072110286
2018-08-31,0.0014108596294248026,0.13254014849547938,0.04293348444274771,0.08711650514752496,0.018683016668884212,-0.1977586781558073,0.12609132918017926,-0.042558953938789584,-5.7711480525094653e-05,0.046804749381579046,-0.010400841823508655
2018-09-30,0.00046905211957532064,0.1322433761364005,0.04574673951639938,0.08528195913974351,0.019058898564205375,-0.19494820805539806,0.12579395695737133,-0.04336668133807388,-0.0009580562898624807,0.046593978769857845,-0.01184881434127421
2018-10-31,-0.0006318078178887389,0.13283359328802313,0.05020534432556395,0.08661690077464256,0.019325989431543372,-0.19212533232930543,0.13029143377891172,-0.047867725041441114,0.001652641694636387,0.0448487701504962,-0.011765712398816833
2018-11-30,-0.0007165628271204522,0.1327473253948725,0.05015790827702892,0.08674422675380614,0.018986090135536638,-0.19224745854554853,0.13053250384689283,-0.047834487853706434,0.002073054077857739,0.04479172664718983,-0.011673750227493339
2018-12-31,-0.0011523628526042798,0.13568092256500316,0.050397013784971384,0.086347057170912,0.01858377137867667,-0.19217946645057932,0.1290182295504727,-0.04701131537936964,0.002055288362706256,0.044671062334667715,-0.010923243358835537
2019-01-31,-0.0002969127165410333,0.1360544907360619,0.05284113661865193,0.08632591719984019,0.019926301686926752,-0.191284534408886,0.13190850209009647,-0.04761483895416937,0.003967839410705154,0.04488283686341411,-0.008332571448536616
2019-02-28,-0.00037391680526156106,0.1361128260170722,0.052714952262158124,0.08607126936718663,0.020150156970693292,-0.1913141377917792,0.13195939931945905,-0.04760516093823811,0.0038774562316229023,0.044870724343274306,-0.008442259214962666
2019-03-31,0.0013181149711318156,0.1421220057448408,0.04764577370614531,0.08569459615213731,0.02112591803642024,-0.18569672850401397,0.13457233820996162,-0.04748570573843139,0.005297926053804171,0.0427706674491493,-0.003949008738279742
2019-04-30,0.001243103275568154,0.14197762826819846,0.04766809856618031,0.0856441657221521,0.021141204213768618,-0.1855477864208222,0.1345299349789025,-0.04741806518427125,0.005309891197733115,0.04275727208879808,-0.003976501329094474
2019-05-31,0.0011396136217718283,0.14240543525115937,0.04759067254193264,0.08556437218625708,0.021300662332270476,-0.18566831930421623,0.13436007290693028,-0.047288953854548885,0.005397540684656958,0.04275117465089303,-0.0037528532809989914
2019-06-30,0.0011149675528072294,0.14231848993397953,0.047574823587299586,0.08555465569147078,0.02131171090766694,-0.18562498161608554,0.13428885256821266,-0.04726330744075209,0.005399000712629765,0.042687770474859645,-0.0037498214278777076
2019-07-31,0.0013283540090224353,0.1428346229233162,0.04741455079955665,0.08524877255818658,0.021223867131646507,-0.18586975030700104,0.1342387632276693,-0.047160958826157375,0.005389272462106615,0.04273353916872764,-0.0032097837001381618
2019-08-31,0.0015985972591876878,0.14316985224032916,0.047048834165925674,0.08535919474452675,0.020777574064013187,-0.1856587115416951,0.13480318851312834,-0.04699797389257904,0.004997567999348759,0.04330825007653013,-0.003271910266784024
2019-09-30,0.0003570976740044894,0.1465771552135717,0.04659301313347458,0.08172976052173418,0.020165690622463487,-0.18482671393308225,0.13737771714124142,-0.046826910370119094,0.0041607478953386064,0.044904181431356285,-0.005089531140091667
2019-10-31,-0.00033980019655390045,0.14786463174545414,0.04555070703955629,0.08137341499143637,0.01950552784625325,-0.18437313539156452,0.13720016300661272,-0.04526016769056039,0.0040836591195570265,0.044960997611076955,-0.0032034775198343194
2019-11-30,-0.00011848999038746255,0.1482734862496496,0.04567490036537415,0.08109449053090939,0.019433047185731647,-0.1846790495412367,0.13751151148148763,-0.045458057617487765,0.004096175606669101,0.04473225043752506,-0.003261142771169601
2019-12-31,-0.0005058684261616538,0.14849068353902894,0.04580189793080059,0.08178834702041736,0.018347089962978916,-0.18407764698879195,0.13775043028843412,-0.04578245423102928,0.0036507784195389022,0.044650741061041874,-0.0029971716012751268
2020-01-31,-0.0002771987876514783,0.1495462948163495,0.04549842944577092,0.08153247462432807,0.01775310142197048,-0.18372233141033495,0.137817036963727,-0.04564807354448641,0.002970186549393759,0.04500917478043677,-0.0033228445332392255
2020-02-29,-5.6196517344593436e-05,0.14847938727603371,0.045568032748997976,0.08082438549006106,0.018281487359121947,-0.18304990575441435,0.137538374461986,-0.045340524639101785,0.0029026931090748434,0.04462189774536471,-0.003649059424354236
2020-03-31,-0.002006601364368388,0.14076772829267975,0.056848978200493915,0.0853826322928853,0.02003679687305861,-0.19624303567562124,0.1650851391339324,-0.04850048682774704,0.010613589511879438,0.04539792713636194,0.006927947706373727
2020-04-30,-0.004067565356873778,0.1218627080168391,0.05464906183146718,0.09281371226368562,0.020012674221348954,-0.18439261722359762,0.15257099598350374,-0.046622610563406504,0.017166229718417265,0.03943853027741545,0.009126346701606912
2020-05-31,-0.005155178926565959,0.1251290118964111,0.05283972784793035,0.0891566609849748,0.021663410753867213,-0.185913156903557,0.15130781301056068,-0.046041694576157075,0.013734837392534952,0.03979412130799187,0.007290976847643642
2020-06-30,-0.004730514270030071,0.12312976532898233,0.05377288272342673,0.08980542069142793,0.022541232458050453,-0.18687179243335952,0.15347792147243905,-0.04849714618334528,0.014387005931937695,0.03962196450334655,0.007742453628122199
2020-07-31,-0.003426628487678559,0.13312974226938193,0.04928935452626287,0.0805716202999429,0.024954102449539956,-0.1878984940353375,0.15057871735628753,-0.04028718343612064,0.014760392978153895,0.0417366359192513,0.00028017698687672534
2020-08-31,-0.0024010807563612435,0.13641338776999248,0.04852372422239993,0.08202264601283939,0.023620134784122743,-0.18568034335281625,0.1459252394268282,-0.040278066622959255,0.01581450141718106,0.04077054142845468,-0.0006977281830806241
2020-09-30,-0.001515695900815773,0.13165607585356442,0.04931286189559753,0.08376452260399203,0.02459333173398872,-0.1853113589495809,0.14531909977375407,-0.03983034974057909,0.015711816945064242,0.039549032056929584,0.002068825359551275
2020-10-31,-0.0023643040934294124,0.1360917407280491,0.046284309203970836,0.08590372195353126,0.023103014169823122,-0.18243176908231518,0.14461733311579908,-0.040141883232112395,0.016727194050357098,0.03983151013113093,0.003596026965687787
2020-11-30,-0.0005704550630700974,0.12711948240071033,0.05597987799119773,0.09808553437555087,0.019106246300058978,-0.17404651769498958,0.1511059674043065,-0.04960484084555143,0.02132363622341933,0.03537122670504858,0.003582520758614231
2020-12-31,0.0003438768040029053,0.12375907578818429,0.05824519701669141,0.0994760308530311,0.01953405558857275,-0.17331991619501727,0.1480425599784406,-0.048740246407373254,0.021417805970635865,0.037288826239555636,0.00341671388571771
2021-01-31,-0.00022793803740576036,0.12630698595866396,0.05691882434963262,0.10024049757616847,0.018472700004126708,-0.17420702382550676,0.1493351227917994,-0.04882602453082879,0.02072226853342307,0.03806263489856116,0.0025927815318339087
2021-02-28,-0.0003371772409938683,0.12627879897722763,0.056940322495764695,0.10025346407571041,0.01860958968609877,-0.1743055947385365,0.14949577005373574,-0.04880782628827223,0.02036152665779713,0.03827374374570764,0.002497612076108944
2021-03-31,0.000432023163408997,0.1300892942736983,0.05363141088533333,0.10196929666821619,0.017545169242097623,-0.17699226850421093,0.147630887720869,-0.04631575416944797,0.019290437982296533,0.03917812017321709,0.005831745180496187
2021-04-30,0.0011821508434537555,0.13447329835523414,0.05156315045839891,0.10058511836259207,0.01634803451570359,-0.17534287250671785,0.14826247154069605,-0.046722662246139086,0.020755316678736865,0.03930291048173257,0.0037583847675715853
2021-05-31,0.0008345774596970998,0.13539821835816854,0.05165108730159142,0.09926967169929315,0.016693201249220496,-0.17487960979058495,0.14808018782964716,-0.046438918477680016,0.0208139673380248,0.03847627030522438,0.003355700712541554
2021-06-30,0.0011568071730215226,0.1361626954681743,0.05129734086840612,0.09797311533093439,0.017196338943158942,-0.17398935945791708,0.14907367562485324,-0.04644097194144015,0.021331105713478234,0.03751568610307677,0.004067288329862587
2021-07-31,0.0007064127192532685,0.1340772805417631,0.052706872414300214,0.09736547616937362,0.018998017707474765,-0.17449942901766038,0.14900813958802012,-0.04697126311243597,0.021268305612080818,0.03720238186427536,0.00449765337706816
2021-08-31,0.001123434359605543,0.1343882244853811,0.05260779619159585,0.09730824472067298,0.019387440996217087,-0.17494947766458432,0.1483950059290831,-0.046596452947894364,0.020495066426213626,0.03732341624999391,0.004598558816406032
2021-09-30,-3.1194329943547107e-05,0.14033194389990952,0.051822551569083705,0.096701112174908,0.01977713426748059,-0.17315194147784657,0.1485834352446284,-0.0480057606250716,0.01837659375412024,0.03802249681209985,0.002681269980290354
2021-10-31,0.0001957619989513952,0.1415890976725816,0.05157392469700891,0.09634577541464279,0.019657236688076927,-0.1734567780291336,0.1491189557106354,-0.048749394164548,0.018511310042716035,0.038105007222460484,0.0025009432814793267
2021-11-30,-0.0009576007624634429,0.13918283056453393,0.052734984494387675,0.09883332378571014,0.018934136321452185,-0.17290593154965056,0.14934575872571978,-0.04961752149460912,0.021796938807113368,0.03804930457417718,0.003191782439959173
2021-12-31,-2.883195622565269e-05,0.13980720812942804,0.05138922447846462,0.10119575118220651,0.01820484187783334,-0.17212007757228195,0.1461697748701282,-0.04662120706382357,0.022734714876337863,0.03906045785485642,0.004854973831926483
2022-01-31,-0.0008060974054232377,0.14147159884142785,0.05379464234667321,0.10150961988943773,0.016191901632746728,-0.17116389095488307,0.14774675601012463,-0.046705215686640884,0.02067544720089418,0.03967353360852198,0.0030030357010322863
2022-02-28,-0.001799064756260634,0.1460877762710353,0.04991659571994657,0.10184149288732275,0.018017652903043295,-0.1726517312927492,0.14952631800935745,-0.047087954307279446,0.01952962183205397,0.03790568619407477,0.004026670394326667
2022-03-31,-0.001164075514615255,0.14846606072306492,0.04890740653369045,0.10203119168254501,0.016698180517818535,-0.17679446161919132,0.15053202345669195,-0.04833567392444322,0.020400830450091566,0.03856527521189017,0.005210774709137084
2022-04-30,-0.001570598397844528,0.15076837415020214,0.04952761650148786,0.10081795495009901,0.016311744358328134,-0.1757941408301469,0.15223945491929536,-0.048843299698085124,0.019848403875541282,0.038380656857605604,0.0020385247262707175
2022-05-31,-0.0017010420585152038,0.15093217249113952,0.04943029443859436,0.10079544090639081,0.016311966985128133,-0.17600160974286885,0.15191180962081438,-0.048867766743783805,0.019842780448841888,0.03861298234172529,0.002474194615844558
2022-06-30,-0.0013513035774501692,0.15014715097650447,0.049922323364876973,0.10025099642790875,0.016926067367029184,-0.17696257020617806,0.15296669928228432,-0.0508187520085787,0.018963996770104755,0.0386404140300396,0.0022976251066595043
2022-07-31,-0.0009936842869225555,0.15110434784986887,0.050364499607399776,0.10031091158080298,0.016355339701047446,-0.17502834853141228,0.1522831813903746,-0.049001754928990615,0.01844331751224409,0.03836460201416863,0.0022697502267555025
2022-08-31,-0.0012483238548363176,0.15140860897538777,0.050033207187365855,0.10093333170723902,0.01580603618921584,-0.17367911547206,0.1518696036116824,-0.048192868582275776,0.01875027214878796,0.038375845876027694,0.0023390806709930193
2022-09-30,-0.0014733551108103593,0.15197219051279506,0.050173009767181094,0.10061999719448207,0.016377178994164313,-0.17208241769223023,0.15222285233474556,-0.048823506525746276,0.01933194795515808,0.038170988542853494,0.0025287593135759046
2022-10-31,-0.0015625604338199792,0.1518602482525218,0.050001266886128805,0.10045839434820301,0.016624996734444362,-0.17225042197912047,0.15249742424283186,-0.04902173977298663,0.019314761450558035,0.03818149223959707,0.0027450513462919874
2022-11-30,-0.0007477100509901345,0.15053946357272532,0.0488860704733723,0.10410310437190788,0.01936025555064476,-0.172094885581699,0.15545341626636605,-0.05108172493276005,0.018217517163943937,0.03913246324360826,0.002607992299269533
2022-12-31,-0.002088070380875612,0.1542157941833916,0.04880704682798911,0.10297604800650509,0.020500830778761598,-0.16716679342705007,0.15400690321110805,-0.0507943857085396,0.019952934614539307,0.03825078955831443,0.008794455937534758
2023-01-31,-0.0012423072032901857,0.15232355775914652,0.05107934225672795,0.1046113837109321,0.02160845879099411,-0.16393722249229267,0.15497173799236313,-0.051959835641526654,0.01956171225717381,0.038970717906343176,0.01076591713185498
2023-02-28,-0.0010445641941838175,0.15231392828916238,0.05106509075536564,0.10478922835552591,0.02127010798276503,-0.16433397302355637,0.15455838060047164,-0.05173920960853331,0.019347327419396012,0.03883924885959194,0.010967946733615124
2023-03-31,-0.0005625976995960555,0.15512468609501662,0.048967117304485705,0.10378346420031252,0.021596777343417056,-0.1632312690160569,0.15467540414207212,-0.05116692819865552,0.01946618974353131,0.039189105248007186,0.010486087780377858
2023-04-30,-0.0004537015487208841,0.1552302250983457,0.04885051909350512,0.10391944356047315,0.021499928059133495,-0.1631596211425808,0.15463291698240067,-0.051180882154080884,0.019457620505212204,0.03914992802047978,0.010424242482563328
2023-05-31,-0.00023728408191285897,0.1558220765143949,0.04883022572518201,0.10314516498562751,0.021750788696901197,-0.1635734629022715,0.1546553177461013,-0.05123375162528958,0.019148605035036594,0.03911904719644607,0.010596340266379576
2023-06-30,-9.310656031475399e-05,0.15601096121512087,0.04904967130368276,0.10285603681160185,0.021852440173657006,-0.16378732144777225,0.15488308766715117,-0.051431834699825,0.01921683589722885,0.038939505990361924,0.01019316470478685
2023-07-31,-0.00036595205174093885,0.15632044701440778,0.04860592249777831,0.10335340256258561,0.02142636054268661,-0.16418986717692477,0.15497333642624048,-0.05124311431886372,0.018594633993034973,0.03896223671741311,0.010200365618578455
2023-08-31,-0.0004965738368781933,0.1561352705329999,0.048864832278558555,0.10347749684325604,0.021635626105727716,-0.16422276215621784,0.1550922040993622,-0.051588203835479275,0.018520525295559316,0.03900315794349165,0.01011810823280811
2023-09-30,-0.0002370823616967895,0.15560791640483945,0.04856684480007471,0.1037020417326584,0.02178281050681207,-0.16451765634502363,0.1547941286653874,-0.05131690114571893,0.018720363851100888,0.03875737170115105,0.010712658009774145
2023-10-31,-0.0013735398899170526,0.15407885785356207,0.05091548386618258,0.10321544180179089,0.022462277234979042,-0.1607263695035194,0.15627955405363314,-0.05284865466279077,0.019955577692074112,0.03543949633541186,0.009943578560832729
2023-11-30,-0.0013779783502949903,0.1540741500618247,0.05090821571434984,0.10321876409947714,0.022459934427676177,-0.1607342419537711,0.1562615357800738,-0.05284174890668896,0.019960880839716116,0.03544263332638664,0.009955084580545996
2023-12-31,-0.0008598199292218467,0.15180910136142792,0.05359622957531517,0.10358952448834659,0.0220571923698199,-0.15910950604715487,0.1570285993952613,-0.053635094378349825,0.01942024291207514,0.035298376364625336,0.008735306166319252
2024-01-31,-0.0005095359288424233,0.15283852309973614,0.05257128196477105,0.10381066167548583,0.02165062384885086,-0.1586116244895578,0.1565874040331481,-0.0532922423323673,0.019851798642195363,0.03512910385320059,0.00979746234020202
2024-02-29,-9.058095915063038e-05,0.15348393026951831,0.052698381461009754,0.10375848534678263,0.02235346112568209,-0.15937068230499826,0.15532281425053795,-0.0533131028164317,0.0192812171174611,0.03533911883089316,0.010056248090312877
2024-03-31,-0.0005110928024383036,0.15402045643123513,0.052444935234178196,0.10306906791817452,0.022434561782922,-0.15932546013714527,0.1549128739091179,-0.05277991548956623,0.01876722735177063,0.034309599107019785,0.008524472264955748
2024-04-30,-0.000761194346832177,0.15429969569579455,0.052876331392322826,0.10310441326658923,0.022104244558546763,-0.15866835195708032,0.15515849930383094,-0.05307325638148296,0.018688434377731565,0.03414662283850612,0.008116697113620761
2024-05-31,-0.001599354265920977,0.1540518865345663,0.052249574062890304,0.10239275034980695,0.022874084706594033,-0.16004620098430267,0.15506257995751488,-0.052477595940606754,0.018947214603150655,0.03457578626573901,0.009827657933186268
2024-06-30,-0.0011748517463373081,0.15604975393916454,0.05138900587523183,0.10028522553071358,0.02383445116892201,-0.15888833293798468,0.15476691524432934,-0.05224076740010864,0.019172149950255915,0.03401959231097375,0.009808993454939076
2024-07-31,-0.0016695715270887528,0.15886993492956641,0.04884893275578273,0.09976498904311662,0.024558695662533207,-0.1600408211651303,0.15493872389479768,-0.05228879262722326,0.019629748272317962,0.03353087141190319,0.010929744213949853
2024-08-31,-0.0022830128040285517,0.15813387606405477,0.050043787398451535,0.09913179848599911,0.024943697153138274,-0.15960590792448032,0.15478870053622576,-0.0527930822342762,0.020055149392412062,0.0337898181439608,0.012468765530485362
2024-09-30,-0.000539906135427236,0.15949352478319115,0.048973496809668476,0.09513715143170565,0.028777600032845466,-0.15907028641880055,0.15543308297533964,-0.052009173976720606,0.020600627614085914,0.034352846254037075,0.012863370532395377
2024-10-31,-0.0029997714855795735,0.15735342707016411,0.049113511869553095,0.10004911745479045,0.029474169561677633,-0.14997422956246725,0.15493156200529043,-0.05231446519794865,0.019422728544840548,0.030685614563290414,0.006686355242878518
2024-11-30,-0.00181017520484961,0.15877199998971364,0.052542451067969044,0.09722036677252884,0.027678103594066805,-0.1487078843198737,0.15732898745280627,-0.05412333527755556,0.01947374797148222,0.028992592466090972,0.005937592277765736
2024-12-31,-0.0017283290562466842,0.1588045320941773,0.052287249012238746,0.09730248181732118,0.027728033365203127,-0.14873845325874324,0.15720017003540032,-0.053987864517658454,0.01953615742997289,0.0289303657833089,0.006134510120911855
2025-01-31,0.0006460371147409597,0.15409218471897476,0.05282131921626361,0.10759079796838926,0.02597259768930893,-0.14634575840029065,0.15302047649114453,-0.05326757870717229,0.020262984453296985,0.03297561518471989,0.011951956212611775
2025-02-28,0.0003075060023725716,0.15476907760973763,0.05332416704443314,0.10662890176461055,0.02601654433893643,-0.14729454877955492,0.15298731313266029,-0.05339886989553323,0.02013731730576607,0.033226804718886664,0.01178588879961673
2025-03-31,-0.001363158607455792,0.16114045117222667,0.053050601225533074,0.10435305700106307,0.02630905061146171,-0.14549352238346014,0.15282917039098612,-0.05232899936658495,0.01971832648734409,0.03067809950049105,0.017234675417291838
2025-04-30,-0.002705220142035375,0.1624879899191672,0.05290831077487298,0.10079022182281742,0.027791448132029526,-0.14421112955098345,0.15687847587786588,-0.05397837789823163,0.024592442393201415,0.029857593345985048,0.024234618028881473
2025-05-31,-0.0031934882233187194,0.16120707902353357,0.0529647572725853,0.10093851416610977,0.027445843288230014,-0.14332323554760618,0.15678355004951483,-0.05383942524695015,0.02454554266474476,0.030206516075320152,0.02399915866964386
2025-06-30,-0.002590198709986014,0.16248830627799066,0.053349900293590005,0.09833339338671909,0.028679107199050386,-0.14200386353554445,0.15717660175433948,-0.05427655604303176,0.025454882611460228,0.029228312841042495,0.022218551553822297
2025-07-31,-0.002200244560606863,0.1629672315866549,0.05334943311584474,0.09754217825552566,0.028949084197556443,-0.14196640878661165,0.1577621803484836,-0.05466763063909329,0.02589421629130251,0.029078362794001833,0.02371028393740707
2025-08-31,-0.0017952672878629667,0.16168041419248166,0.05448232739340218,0.09839306190901556,0.028634459679003407,-0.14144978330725622,0.15725029383160508,-0.0548551373782571,0.025604348044659313,0.02940902659557013,0.023310282553415107
2025-09-30,-0.0014178263770523952,0.1620790770186064,0.05447064434139297,0.09804419928434463,0.029382756350007623,-0.142343590430709,0.15808773597454578,-0.05548441684953349,0.025495105377429102,0.030562780365936588,0.024561798337860853
2025-10-31,-0.0009454709729523302,0.16213410899245823,0.054320679217982545,0.09832269410533426,0.029800347319535788,-0.14147884741652764,0.15762039086442775,-0.055714996689408096,0.02569951965904819,0.030623985339718243,0.02643409583780534
2025-11-30,-0.0013558002104604935,0.16259983791848218,0.05411706813580519,0.09802538778002076,0.03062216880774457,-0.14150915057476576,0.15734644472536943,-0.05585072317405694,0.02555757929597321,0.030417142788781024,0.026662658127328782
2025-12-31,-0.0012643497421266474,0.16251499013502133,0.05406287676758944,0.09816190562775742,0.03061833217455128,-0.14160534233256963,0.15723440973184205,-0.055759192081952125,0.02551945427493071,0.030368303284577285,0.02655545560813219
2026-01-31,-0.0018971068310858384,0.16467553747856434,0.05281223809236267,0.09682433612398236,0.02984983859334833,-0.1413390639814304,0.1572383367663699,-0.05477103707395428,0.02415346271558331,0.02875499778223333,0.02479548529306848
2026-02-28,-0.0017082680476895409,0.16398093155295945,0.0528683015041766,0.09755744662301451,0.030027690740925945,-0.14065432743528786,0.15702037872699856,-0.05490896387145737,0.02422382437601005,0.02892662202273567,0.025754250058635592
2026-03-31,-0.0034460217895054823,0.1639875644702381,0.05356035473005461,0.10404629369101576,0.0338035968522422,-0.14218078376855667,0.15263248207393787,-0.05485927052164864,0.016742452697325667,0.03539070699356779,0.030611976626598945
2026-04-30,-0.0012196827373090508,0.17498502877503264,0.054790786262457425,0.09529497127089691,0.04194478130082886,-0.13931543290923662,0.14789965885117606,-0.05661244098413848,0.017222072266636343,0.03130311467432252,0.02370711232669502
2026-05-31,-0.0005704762701339858,0.1763285529161154,0.05439807111463804,0.09469178546709402,0.04311334229336486,-0.1405710802421307,0.14851965779979284,-0.057089456592221956,0.015448261514729198,0.030769912910273037,0.023972141525574954
2026-06-30,0.0002734709569701512,0.1734371706030057,0.05554031908380899,0.09639801765173331,0.043143973791089134,-0.1401249480109751,0.14848619906346205,-0.05680022847515251,0.013222451276511126,0.0284837700071271,0.02501433980848764
2026-07-31,-0.00024265817173939634,0.17296491407574244,0.05627989063709384,0.09525763920464496,0.045116491902877844,-0.14019553919700867,0.14937230692754186,-0.05738443700425526,0.012162656793656138,0.028241447743906207,0.026039195541712135
2026-08-31,0.0003555292599160537,0.1738201438295605,0.05582493766173388,0.09465372627799891,0.045420686196789364,-0.1405822453519633,0.14937981418727278,-0.057061883646509874,0.012499107937482908,0.029640558054840314,0.026486783499961388
2026-09-30,0.001255196413474344,0.17624791126143657,0.05381770740939099,0.09294779108885008,0.04615464315606783,-0.14297130817106382,0.15024974948098965,-0.05866544293606782,0.012548847481725007,0.028212087666681398,0.026116582882585865
