,clone_ex,fund_ex,gross,long,clone,fund
2010-07-31,0.019965750973805013,0.015142234293177403,-0.10342457474565783,0.3758570673845481,0.01952948306094024,0.01470596638031263
2010-08-31,-0.01102624966837405,-0.007803891685736364,-0.015933500488700014,0.3883570346248081,-0.01102624966837405,-0.007803891685736364
2010-09-30,0.023434224790506178,0.02134829575770758,0.07232923829800586,0.3913201338303831,0.023434224790506178,0.02134829575770758
2010-10-31,0.008111202130485592,0.010782869553350283,0.18159503055517887,0.5014713028993756,0.008329483389065181,0.011001150811929872
2010-11-30,-0.005233696906533026,-0.003264368065076906,0.18998881931122832,0.46408134723069233,-0.005233696906533026,-0.003264368065076906
2010-12-31,0.02420954539129698,0.02614331799434999,0.24756754144850573,0.517672303323463,0.023991311769027177,0.025925084372080187
2011-01-31,0.0003762144305732777,-0.0021414254533060895,0.23331377974030618,0.4696459773521997,0.0003762144305732777,-0.0021414254533060895
2011-02-28,0.015960765664053085,0.013948423571250812,0.3201127911878022,0.5699158995841035,0.015960765664053085,0.013948423571250812
2011-03-31,-0.004603303725075456,0.0021167335383636132,0.22671856585069178,0.5039229120763782,-0.004603303725075456,0.0021167335383636132
2011-04-30,0.016323571066353813,0.014783342446582193,-0.002943453880839289,0.4207435434511913,0.016323571066353813,0.014783342446582193
2011-05-31,-0.012501087637665727,-0.017908151153673835,0.026433312405087867,0.5372446522983396,-0.012282806379086138,-0.017689869895094246
2011-06-30,-0.005553725186058422,-0.0052964610490160435,-0.019386856599465527,0.5536206064739003,-0.005553725186058422,-0.0052964610490160435
2011-07-31,-0.0001255384249611198,-0.005324977406053755,-0.02112176581411683,0.5523071364068497,-0.0001255384249611198,-0.005324977406053755
2011-08-31,-0.0154061295261562,-0.01820132592587087,-0.06613035679348694,0.5107528744785206,-0.0154061295261562,-0.01820132592587087
2011-09-30,-0.0326621907876687,-0.036859278104939164,-0.06797894396466592,0.5558307145081083,-0.032880424409938505,-0.03707751172720897
2011-10-31,0.02267279907709248,0.0344113029709735,-0.05039008655278488,0.5235151630692949,0.022236549134528064,0.033975053028409086
2011-11-30,-0.009911954004515463,-0.004599183107368066,-0.0608625864935665,0.4241640940601898,-0.009693890190204021,-0.004381119293056623
2011-12-31,-0.01737933413174955,-0.008416802326321249,-0.009394720747996972,0.4316230937712924,-0.01755378883574246,-0.008591257030314159
2012-01-31,0.015501399800785222,0.015948332298943546,0.023281860165869604,0.45517221064290725,0.015283345487333212,0.015730277985491536
2012-02-29,0.00859932316353618,0.008631653354465252,0.04600856101507463,0.4443878332712033,0.00881742503504213,0.008849755225971201
2012-03-31,0.0002614631939444448,0.0024110053879629056,0.04666516250722533,0.4468062453858412,4.3408880492435136e-05,0.002192951074510896
2012-04-30,-0.008794931721493914,-0.006782559560495893,0.05328697353386064,0.42865134458385407,-0.008576829849987965,-0.006564457688989944
2012-05-31,-0.03171889139581994,-0.027533085543887448,0.05098663316656999,0.4496172858187046,-0.03171889139581994,-0.027533085543887448
2012-06-30,0.01736207399561686,0.015159079537217846,0.041714816972351125,0.43813919407405505,0.01692544420639576,0.014722449747996746
2012-07-31,0.00014798758039335103,0.0,0.05389026064650301,0.4009306542343163,0.00014798758039335103,0.0
2012-08-31,0.010523987390889951,0.007812592179042843,0.03863104895597999,0.4017267275998636,0.010523987390889951,0.007812592179042843
2012-09-30,0.009895089361302472,0.011074038410454179,0.025788909334340304,0.37230405152058105,0.009895089361302472,0.011074038410454179
2012-10-31,-0.0018148776012440822,-0.006790399170648054,0.026940825800426227,0.34473848288725856,-0.0015962066472223553,-0.006571728216626327
2012-11-30,-0.0007025346603616778,0.0035263846790163367,0.055340015248526664,0.33973707724706775,-0.0009211578078511162,0.0033077615315268982
2012-12-31,0.006892785416413293,0.004752956506718364,0.1206826941931862,0.3114377057754345,0.006892785416413293,0.004752956506718364
2013-01-31,0.012689045623784536,0.01538450252049195,0.12943844293476456,0.31499844582414344,0.012689045623784536,0.01538450252049195
2013-02-28,-0.006427671583103731,-0.004329040365686265,0.08909638196476893,0.31073235126054993,-0.006427671583103731,-0.004329040365686265
2013-03-31,0.007612883457235578,0.008695724875366961,0.12765011704596235,0.30841414807230805,0.007612883457235578,0.008695724875366961
2013-04-30,-0.0002341294828162989,0.006683928951451756,0.1308107511555039,0.3167654232860709,-0.0004524876028550852,0.00646557083141297
2013-05-31,0.0019134757774895822,0.0029934566919476158,0.13996832198619408,0.3255710992810708,0.0021318815882106607,0.0032118625026686942
2013-06-30,-0.00497385413291993,-0.012588424417665056,0.16588466712038302,0.3734063169755331,-0.005192212252958716,-0.012806782537703842
2013-07-31,0.02009386342241266,0.019459385930484574,0.2983088777104696,0.43574663982028744,0.02009386342241266,0.019459385930484574
2013-08-31,-0.00823041581964436,-0.01166476624681978,0.30335704652007645,0.4400827783332516,-0.00823041581964436,-0.01166476624681978
2013-09-30,0.021726224839397255,0.019530906243434898,0.33494171549856,0.4820992064461415,0.02150854913406066,0.019313230538098303
2013-10-31,0.011428225947703909,0.019166348386178145,0.3429984281776887,0.4946737267564661,0.011209250967603647,0.018947373406077883
2013-11-30,0.006974715843715324,0.011581531087310193,0.3542769258732696,0.49823588418075915,0.0067568407126693385,0.011363655956264207
2013-12-31,0.007334188100126472,0.006684659741361454,0.3472712700869766,0.49791805467067585,0.007334188100126472,0.006684659741361454
2014-01-31,-0.013179660805682948,-0.021458917469151295,0.3620853944627068,0.4676952369679986,-0.013179660805682948,-0.021458917469151295
2014-02-28,0.018409823747603915,0.018422243375692204,0.34809180566472936,0.5128058806296963,0.018627746358567232,0.01864016598665552
2014-03-31,0.004787942119564459,0.0034470181989401105,0.37974042337851865,0.519840571619645,0.004570066988518473,0.0032291430678941246
2014-04-30,0.004536565749019056,-0.0021457592153779625,0.31424334161793294,0.5505095086968497,0.004536565749019056,-0.0021457592153779625
2014-05-31,0.009217060303480993,0.012903199623981676,0.34100300724290356,0.5164760247031867,0.009217060303480993,0.012903199623981676
2014-06-30,0.010653016287731886,0.008711292509916313,0.3718907788119019,0.5109113324690776,0.010434154355169511,0.008492430577353938
2014-07-31,-0.005147416051280254,-0.013466100304941664,0.3807708246110336,0.4878172450536559,-0.005365386367648308,-0.013684070621309719
2014-08-31,0.01672173855077525,0.013655904516819639,0.5501264199095259,0.7564300088428908,0.01693975638856033,0.013873922354604717
2014-09-30,-0.02419708425335294,-0.012631555376416359,0.560576668251978,0.7881885056245094,-0.02419708425335294,-0.012631555376416359
2014-10-31,0.01018708178300579,0.006614729607701486,0.4605391287702098,0.49192962106040244,0.009969111466637735,0.0063967592913334315
2014-11-30,0.005725561341679708,0.014830320428520283,0.45950565839240787,0.5269249434994459,0.005725561341679708,0.014830320428520283
2014-12-31,0.001337102370828147,0.005212342698666883,0.28633848008113016,0.5116294552873654,0.001118040386310326,0.004993280714149062
2015-01-31,-0.010170915199622526,-0.014933185141732253,0.21695953142707797,0.5407498641391906,-0.010389398557498635,-0.015151668499608362
2015-02-28,0.019306481633106373,0.023077015489132435,0.18954739809824525,0.5550377529426141,0.019306481633106373,0.023077015489132435
2015-03-31,-0.004837188003393725,0.0010738822651255031,0.2776937149737619,0.6254220966627924,-0.004837188003393725,0.0010738822651255031
2015-04-30,0.0038571249594827215,0.002364944074132791,0.329785658755902,0.5799137779512629,0.003638489395822858,0.0021463085104729274
2015-05-31,0.006591536251596539,0.004500944694851405,0.3236975604249428,0.5843121092297354,0.0063729573591918085,0.004282365802446675
2015-06-30,-0.008854791010154775,-0.007462552957284485,0.35169132179019075,0.5400255780128521,-0.008854791010154775,-0.007462552957284485
2015-07-31,0.010161894181868886,-0.0010743066965589465,0.2779969289786711,0.49818363784864916,0.010161894181868886,-0.0010743066965589465
2015-08-31,-0.029535742123059268,-0.026881523976565402,0.340321285430621,0.5272483835003955,-0.029535742123059268,-0.026881523976565402
2015-09-30,-0.014845429508263732,-0.012821444307226648,0.30280523413994687,0.5195706659456978,-0.015283414409855036,-0.013259429208817952
2015-10-31,0.03560870296619205,0.021495421035416906,0.3292860976574668,0.5153180233902827,0.03538956228205496,0.02127628035127982
2015-11-30,0.00735182372460875,0.001973754307122988,0.2852673998697487,0.5386526267605893,0.007571012441911393,0.002192943024425631
2015-12-31,-0.008121485632107746,-0.012943015684470982,0.2682926908278434,0.5189785463450313,-0.008340626316244833,-0.013162156368608069
2016-01-31,-0.020351945333576548,-0.01714917906832747,0.33529292252235837,0.6218007392031499,-0.020132756616273905,-0.016929990351024826
2016-02-29,-0.001238949021305837,0.0,0.405931890357696,0.7688431289383783,-0.001238949021305837,0.0
2016-03-31,0.021817224414422482,0.018369807944006666,0.3884704112087719,0.7399912293846598,0.021817224414422482,0.018369807944006666
2016-04-30,-0.0037568114043603842,0.0029437262461446956,0.404329768661978,0.8007837726243725,-0.0033186345879391635,0.0033819030625659163
2016-05-31,0.009191164859812341,0.0033712312153622026,0.44819427434856307,0.7335740353570259,0.009191164859812341,0.0033712312153622026
2016-06-30,0.0014205905899183427,0.004698361175146104,0.35743784492558045,0.628349761830803,0.0012012323679092066,0.004479002953136968
2016-07-31,0.013787319021028515,0.016284222587261254,0.38673689709088493,0.7522965742233094,0.014225400019288775,0.016722303585521514
2016-08-31,-0.0021482958956783077,0.003289694652183872,0.34963553275536013,0.6699606242599497,-0.0021482958956783077,0.003289694652183872
2016-09-30,0.0026805902312551067,0.004152628409597181,0.3417884411292834,0.5630828094115967,0.0028992736068779146,0.004371311785219989
2016-10-31,-0.003685148380706135,-0.008923597024644958,0.32871027821759774,0.5661420288192386,-0.003466617277420733,-0.008705065921359556
2016-11-30,0.022280378352009148,0.01031642028639057,0.4191415888278186,0.8073926673306052,0.02184330719870521,0.009879349133086635
2016-12-31,0.005375393911983776,0.00944993079650791,0.4056322633313696,0.8102973905681282,0.005594181770824883,0.009668718655349018
2017-01-31,0.007040453257860272,0.006062841621597315,0.44663668449598026,0.7744942031971911,0.007478142180956418,0.006500530544693461
2017-02-28,0.008739189117227623,0.011337192109720728,0.5487022444142564,0.699572980849456,0.009242781033820395,0.0118407840263135
2017-03-31,0.00482462265215843,0.004430766981673551,0.558587548267801,0.6636137786855552,0.004649189951210766,0.0042553342807258865
2017-04-30,0.004446633707697562,0.005611515805573841,0.5632144702548915,0.6693437118102705,0.005190970469823159,0.006355852567699438
2017-05-31,0.001162242716864817,0.004057357410145679,0.5770434495522545,0.6489940847672747,0.0013153592005427013,0.004210473893823563
2017-06-30,0.0017354638781106207,-0.0010284765573671528,0.572464137306236,0.6461866625974619,0.0027639404354777735,0.0
2017-07-31,0.004976485051402067,0.007009615511573308,0.6093087254700754,0.667652909100671,0.005304338464776002,0.0073374689249472436
2017-08-31,0.0013793586285091586,0.003024690368204297,0.6157395767874211,0.7021500673287573,0.0025171484668014277,0.004162480206496566
2017-09-30,0.008803480170071662,0.007567961952233526,0.5746615732565987,0.6469175361033624,0.009525636728037476,0.00829011851019934
2017-10-31,0.005719901675969046,0.008549505677651448,0.5814986851265772,0.6782025971642731,0.006420122969182944,0.009249726970865346
2017-11-30,0.004433270347910191,0.003526994612812917,0.6372405485933257,0.7707899955556501,0.004979675748306934,0.00407340001320966
2017-12-31,0.00207776325779117,0.005308864774696609,0.6439878659114868,0.8169011795508887,0.0028215485393144717,0.00605265005621991
2018-01-31,0.013046301616383114,0.023738919531223424,0.6504610178086018,0.7683775177190482,0.014359511650311928,0.025052129565152237
2018-02-28,-0.01426016180771833,-0.022215975072745198,0.5619896932382629,0.7551169587112737,-0.013429110816766843,-0.02138492408179371
2018-03-31,-0.005920614748804927,-0.006504704370462355,0.6758353009093031,0.8554469319788865,-0.004618601374621252,-0.0052026909962786805
2018-04-30,0.0033427064285394804,0.005237496493810223,0.6706636060540626,0.7351845212169731,0.004381246447017066,0.006276036512287808
2018-05-31,0.0068175265218630154,0.0016203487506398773,0.6801454932131725,0.7327594107136459,0.008315624541574695,0.0031184467703515573
2018-06-30,-0.0071810063413541535,-0.0014876069194913466,0.6259102658656339,0.7288465856236154,-0.005693399421862807,0.0
2018-07-31,0.012766423089948289,0.010010555495834739,0.5878592969672827,0.6897640967777031,0.014154818991714049,0.011398951397600499
2018-08-31,0.0036279390214744144,0.0055863717681552405,0.5717813056908089,0.6841416177351116,0.0052136965109162,0.007172129257597026
2018-09-30,0.0010362374152262778,-0.0024170148820613635,0.5719067824355525,0.735079688771295,0.0024359134558792194,-0.0010173388414084217
2018-10-31,-0.036452306196821146,-0.03021914114255342,0.5877073288109838,0.7737507047758949,-0.034746397163325934,-0.028513232109058206
2018-11-30,0.006767414699165398,0.00023675208131779257,0.5101938021189109,0.6459050708710021,0.008627321316950966,0.0020966586991033598
2018-12-31,-0.03124906704385609,-0.02668958416094236,0.5190590551643014,0.6322143740970274,-0.029421933212560245,-0.024862450329646513
2019-01-31,0.027731690304938814,0.030188802227587797,0.4807955558312828,0.6525753934711642,0.029481152902986682,0.031938264825635665
2019-02-28,0.01207405892567739,0.007756859021346152,0.5174343902989523,0.6102643488597818,0.013922160170883236,0.009604960266551998
2019-03-31,0.004089948718280878,0.009878026261435302,0.5075767479157413,0.5737394665968807,0.005839840582035505,0.011627918125189929
2019-04-30,0.01322482906392883,0.011658652829466432,0.5763728770026676,0.6563637860239135,0.015150283165486918,0.01358410693102452
2019-05-31,-0.022230059432348213,-0.02067816989629012,0.5668668740143257,0.6459863991229496,-0.02010846666558561,-0.01855657712952752
2019-06-30,0.02874393596320597,0.024445204069850623,0.5918097241440272,0.6757471838376964,0.030559286800211985,0.026260554906856637
2019-07-31,-0.0010686356999381368,0.0022896645036691865,0.5651134135973961,0.6719675797575787,0.0007357619116905129,0.004094062115297836
2019-08-31,-0.004563522113151805,-0.0037334690670972615,0.5609151197611891,0.6616455953995204,-0.00286876842114647,-0.0020387153750919262
2019-09-30,0.00781962877692636,0.00042404734162260205,0.5657563959696166,0.6560470980873341,0.009438461661722722,0.002042880226418964
2019-10-31,0.010283264885670367,0.005528802338224281,0.6436929319800432,0.8369516186567727,0.01189015127217145,0.007135688724725364
2019-11-30,0.006866393221995666,0.009038632545562031,0.6777452465283902,0.881683824847945,0.007949053519373136,0.0101212928429395
2019-12-31,0.01254969486995065,0.010221379553231769,0.5699019772833414,0.689737293611785,0.013665302876314105,0.011336987559595224
2020-01-31,-0.0009533845480360742,-0.005310100446839661,0.5687196291553672,0.6949053628586267,0.00024982961988827485,-0.0041068862789153116
2020-02-29,-0.024924384784656816,-0.02592323772985905,0.6987756065982087,0.7246318829660019,-0.023743479592377503,-0.024742332537579736
2020-03-31,-0.05595135437306402,-0.07286990531760329,0.6863726915665203,0.7072850761418545,-0.05390580286432016,-0.07082435380885943
2020-04-30,0.04376328619652205,0.022949722928943816,0.6694052855771155,0.6949765599840634,0.04356657144236821,0.02275300817478998
2020-05-31,0.025146427100577892,0.009073649751625612,0.8093232304042655,0.8647064623632702,0.02497146879001831,0.008898691441066031
2020-06-30,0.008369800882536357,0.01102549521927254,0.7324117251710491,0.7882256514773117,0.008369800882536357,0.01102549521927254
2020-07-31,0.013357985609001423,0.02279173163341941,0.7738345883636784,0.8154998164676768,0.013466980418061438,0.022900726442479424
2020-08-31,0.01317992484044184,0.01918969078295918,0.6942628645276687,0.7364703540579054,0.01317992484044184,0.01918969078295918
2020-09-30,-0.008564850955831142,-0.009195994561831289,0.6804238761606762,0.7509672910907824,-0.008783015872384607,-0.009414159478384754
2020-10-31,-0.01071000763123545,-0.01066875156612046,0.635978077635039,0.7494993080817927,-0.010600801820291692,-0.010559545755176702
2020-11-30,0.04479222107004701,0.05133639310218474,0.6101275944068655,0.7132250105241907,0.04468302718371022,0.05122719921584795
2020-12-31,0.009331439258670481,0.024512070378185147,0.47980736263904356,0.6670390780327543,0.009364290596511404,0.02454492171602607
2021-01-31,0.00200606153671682,-0.0029911434815657056,0.684246977849144,0.7073576033464121,0.00200606153671682,-0.0029911434815657056
2021-02-28,0.01189616549870536,0.009109206051072571,0.7604011065025129,0.7830759740904101,0.011786963275200726,0.009000003827567937
2021-03-31,0.006019577014365509,0.013984405122885346,0.7669281489950663,0.7880907950491516,0.005910263307322696,0.013875091415842533
2021-04-30,0.014240647412893421,0.018573097998959343,0.6836298751206102,0.6888696995728163,0.014240647412893421,0.018573097998959343
2021-05-31,0.00878924453151207,0.00778680967684986,0.6753521205250447,0.6754166429833426,0.008679719737687537,0.007677284883025326
2021-06-30,0.008954606114384846,0.004980367922607698,0.7338009281168386,0.749535208654091,0.008736329163952873,0.004762090972175725
2021-07-31,0.005580993197710676,-0.0008384430837024004,0.6678535129618763,0.674100937807273,0.0054715320929562715,-0.0009479041884568051
2021-08-31,0.006267722643237844,0.00959676970850376,0.6636035077809702,0.7096204159363215,0.006158548390072921,0.009487595455338838
2021-09-30,-0.011401916908675779,-0.01702648555376063,0.6298571197869676,0.7179739016452271,-0.011292730735191901,-0.01691729938027675
2021-10-31,0.011965472978120133,0.020185552623271708,0.627379861309622,0.8015896214099434,0.01185629872495521,0.020076378370106784
2021-11-30,-0.01440641896000759,-0.018525235509908144,0.5214856517228248,0.6223556977123916,-0.014625189796659594,-0.01874400634656015
2021-12-31,0.019833753755480507,0.01976961701726032,0.6072009277039424,0.7173509447495775,0.019833753755480507,0.01976961701726032
2022-01-31,-0.00979153711515802,-0.020408045764740868,0.5960890879789718,0.7451243857225593,-0.00979153711515802,-0.020408045764740868
2022-02-28,-0.019168368262404176,-0.013322984452821318,0.4323577734743488,0.72042829654218,-0.019387087325987682,-0.013541703516404824
2022-03-31,0.0037431129206792015,0.0143241555793443,0.4789667738602307,0.6864081363401912,0.004202274270994297,0.014783316929659396
2022-04-30,-0.02783713569691578,-0.030067916115549376,0.22538629603414365,0.4780382765577633,-0.02794602066010162,-0.030176801078735216
2022-05-31,0.0022609848168959933,0.0007449524208156255,0.46641324248379407,0.560713846119552,0.0025889704827666603,0.0010729380866862925
2022-06-30,-0.04029131394353633,-0.028643944244562625,0.7018231353679713,0.7948698315808341,-0.03951454556293951,-0.02786717586396581
2022-07-31,0.022674952483942506,0.021690280008772822,0.5949500696045926,0.9138152058737996,0.023035617145921432,0.02205094467075175
2022-08-31,-0.014138338486024008,-0.015961063081477045,0.5918087629053462,0.9060397121510682,-0.012201161247339313,-0.01402388584279235
2022-09-30,-0.041839489715202315,-0.034890246035572225,0.5763009745764514,0.8627687992302926,-0.039771813841863866,-0.03282257016223378
2022-10-31,0.02510448461108451,0.021038733159422396,0.3929539775202974,0.7265664563621843,0.02668999239023896,0.022624240938576845
2022-11-30,0.04086493325292631,0.0333528261373659,0.3978875670008763,0.7979300058609244,0.04401668300925879,0.03650457589369838
2022-12-31,-0.016719107432176254,-0.023146788273953445,0.3889093877889395,0.7367204656458215,-0.01309323126424006,-0.019520912106017252
2023-01-31,0.03114684426336989,0.030376257155833475,0.47813563256266084,0.8279670143098694,0.033989427193329314,0.0332188400857929
2023-02-28,-0.013431459924631177,-0.013435115474621284,0.49099490172263804,0.844759921975794,-0.009974040322742565,-0.009977695872732673
2023-03-31,0.007383395760460506,0.009446740909839768,0.4739933473401385,0.8224389997910536,0.011374364108569032,0.013437709257948294
2023-04-30,0.003961503159472134,0.0029991146469892094,0.4846510926208397,0.8131398270301399,0.007592210167933044,0.006629821655450119
2023-05-31,-0.004162879249867899,-0.005946870806646354,0.5344788891924196,0.8909690242347748,-0.0004112829341519223,-0.0021952744909303767
2023-06-30,0.0217950245991092,0.02069617199060536,0.5378744508596207,0.8975530241483488,0.026401220884087803,0.025302368275583964
2023-07-31,0.014334104325977023,0.012234328231532254,0.5121932102869169,0.8579638146685826,0.01819427554124918,0.01609449944680441
2023-08-31,-0.014186059560746953,-0.014470427447500045,0.5148807808141032,0.8679625292477382,-0.009219309720813449,-0.00950367760756654
2023-09-30,-0.01665933304358986,-0.0157177987229421,0.5189758029913819,0.8995200325782645,-0.012668590446153934,-0.011727056125506174
2023-10-31,-0.00841289668862102,-0.01725469010154168,0.5297627146533483,0.9239042585995587,-0.004103274107227129,-0.01294506752014779
2023-11-30,0.0327779995493415,0.02810428604620796,0.5275779962288536,0.9742343540455864,0.03746053712494827,0.03278682362181473
2023-12-31,0.016450790851817148,0.01952040514411557,0.5234328146419895,0.8758897424165197,0.02072568192959349,0.023795296221891915
2024-01-31,0.0008344938285393348,-0.002144510701325819,0.5024064367077142,0.8976807624321741,0.005102049543564019,0.0021230450136988654
2024-02-29,0.014476238380562497,0.01568407655812254,0.48795030304816034,0.8551905803401565,0.01891940404029507,0.020127242217855112
2024-03-31,0.015727643575360342,0.011474532279885041,0.4764414788557352,0.8149688870441462,0.01982933523077364,0.015576223935298339
2024-04-30,-0.014933659661019007,-0.01454666345706812,0.45778818351140615,0.556727082561584,-0.010611880408073928,-0.010224884204123041
2024-05-31,0.015319297690490086,0.008856500868690054,0.5053658861893102,0.5830694590264626,0.01989254447295271,0.01342974765115268
2024-06-30,0.004479214746677248,0.002123371695038845,0.527415702091803,0.578219720649045,0.008472072189287713,0.006116229137649309
2024-07-31,0.004765219465104193,0.0035971764936093553,0.5243695072129566,0.6088328053284865,0.009273440685357598,0.00810539771386276
2024-08-31,0.003843465998693818,-0.000597076166930055,0.6063014683504167,0.658624822839038,0.008460557404638502,0.004020015239014629
2024-09-30,0.006416058291818818,0.014796944981196214,0.6219432400495111,0.6829141833611128,0.010638248198210267,0.019019134887587663
2024-10-31,-0.009029618162258779,-0.022612387782038335,0.6828904353048407,0.7039796052140953,-0.005081389115263124,-0.01866415873504268
2024-11-30,0.007707326428164485,0.0163130688312636,0.6619262852077573,0.8844769876707208,0.011414249093908724,0.02001999149700784
2024-12-31,-0.011170118133058345,-0.014583772318041421,0.6182312056677213,0.704242008482407,-0.0071387083666958305,-0.010552362551678907
2025-01-31,0.008048456598732934,0.024584325739980928,0.5292133774672646,0.6789454215562081,0.01154830238619381,0.028084171527441804
2025-02-28,0.004360428618461549,-0.004213378918873301,1.0576247112290975,1.3648407029836496,0.007598197132293611,-0.0009756104050412384
2025-03-31,-0.02150995273541499,-0.020848330410166538,1.0211342984651,1.344203625499902,-0.018239663912361856,-0.017578041587113402
2025-04-30,-0.005186269183599654,-0.013342581458123615,0.9585860385938025,1.2429712367323518,-0.001784051352826774,-0.009940363627350735
2025-05-31,0.022966716027153774,0.01343625018217054,1.0439981871165231,1.256749312477051,0.026598748952058434,0.0170682831070752
2025-06-30,0.016505089372375274,0.01540908906725802,1.0763079364556023,1.3457176754307525,0.01985208476864853,0.018756084463531275
2025-07-31,0.007786446340079859,0.003217220099498208,1.1938593095459828,1.5540744354809997,0.011352270837566184,0.006783044596984533
2025-08-31,0.012459949233097688,0.01072919565135666,1.1879497259843554,1.598026137249863,0.01616762657252503,0.014436872990784
2025-09-30,0.01508543637078754,0.016621677430473047,1.163218952324509,1.5348659823846196,0.01838787050025805,0.019924111559943558
2025-10-31,0.018283989260242967,0.008582432115514571,1.2514786467392691,1.6691593552913104,0.02179458807029175,0.012093030925563353
2025-11-30,0.0010826567988121184,-0.001956643685320225,1.230019472000987,1.6307691389521188,0.003958418707157383,0.0009191182230250394
2025-12-31,0.003462570169603785,0.0010749431370935536,1.2438000970992116,1.5685553576212654,0.006814250777809683,0.004426623745299452
2026-01-31,0.024644543928309885,0.01198443825973583,1.246418912345317,1.5942231030525653,0.027599400425083957,0.014939294756509902
2026-02-28,0.016689094933857018,0.0056093740526712565,1.2132760556683568,1.4659404570452343,0.01935940381912744,0.00827968293794168
2026-03-31,-0.027324366445688995,-0.032987700029437295,1.2300712402227703,1.465417743795083,-0.024446148401422195,-0.030109481985170494
2026-04-30,0.037420279288467015,0.04414749342597557,1.247030060806844,1.4784692428483344,0.04030947397322325,0.047036688110731806
2026-05-31,0.01381268488402701,0.018389402944497535,1.292904395967399,1.7409318964189353,0.01698660347146455,0.021563321531935076
2026-06-30,-0.0027952249701996947,-8.61024996685611e-05,1.0593213392387602,1.2028351261445787,-7.062350191701112e-05,0.0026384989686141225
2026-07-31,-0.008866055802075518,-0.0068795191621511265,1.0864976903656811,1.2929087611042207,-0.005495305340934637,-0.0035087687010102453
2026-08-31,0.014207647221371354,0.014837854069929213,1.199733622799333,1.5554963478488484,0.016975494646502942,0.0176057014950608
