,alpha,SPY,IWM,EFA,EEM,IEF,LQD,HYG,DBC,GLD,UUP
2010-06-30,-0.0008745992632949863,-0.034098498626619324,0.05662847773342833,0.09620056148968369,-0.002187984202606437,-0.27645893453795295,0.13863634588784043,-0.02322175280604502,0.04575651969234621,0.03863516258124942,-0.14331447195698216
2010-07-31,-0.0014002422546193784,-0.040047877909106896,0.04081130354642763,0.11565633314762437,0.005049963605316953,-0.2642589348958083,0.1304859614732062,-0.013370992170117937,0.049749332608861135,0.04660414024337176,-0.08661273013847492
2010-08-31,-0.0011575811757794595,-0.045832924756689396,0.030610651508513904,0.1389835717268845,-0.00024689668301496655,-0.23367349321308162,0.11625393101535031,0.00042474632440981026,0.05868960736239801,0.04635762589282652,-0.03923758087959119
2010-09-30,-0.001997683125435222,-0.024094952783201732,0.018697041687042445,0.11478972379534905,0.030739711137950796,-0.2563974278173065,0.2137724074525478,-0.039383891743688566,0.07307283368764703,0.03591322080001494,0.014486364338823597
2010-10-31,-0.0017465942399207792,-0.04120531048527655,0.024944673310219163,0.14063026919226293,0.00930493934473121,-0.22550999244966508,0.15246758906902821,-0.007377224984522364,0.0769793673756271,0.047193942840091964,0.012560566098731728
2010-11-30,-0.0012394613241449501,-0.047618106825491904,0.02908142575120509,0.20549998828764304,-0.018852815928867873,-0.17850812672630423,0.1201667532951906,-0.025125712394293245,0.03817561078258506,0.08967317016240184,0.035075355044437366
2010-12-31,-0.0008370641212804962,0.001961289343749964,0.004504387440070051,0.20715833100525133,-0.026996967332325855,-0.1819990172900718,0.07973240634901001,-0.027336212989495918,0.042601780404368815,0.08479835734987752,0.048889425459872064
2011-01-31,-0.0012349787593987987,-0.0581339589985387,0.03343617096415623,0.256902921817857,-0.03684428664596528,-0.12631089442563653,0.05731782854779768,-0.028513968326160766,0.05239679708132046,0.08859789687655174,0.0812642842964204
2011-02-28,-0.0007293574023521765,-0.05546880349846197,0.03159258585001998,0.23556186564664858,-0.023965185119935915,-0.156171971859241,0.0588252001771619,-0.04159838574804746,0.04226677582559672,0.0863460759871703,0.049330408589780654
2011-03-31,0.00011413457568981524,-0.05143500570162757,0.04166762560178723,0.17082586819101922,-0.0061951109573994065,-0.2539468565016971,0.09981260694989107,-0.0671268774636978,0.02077210194816231,0.08766534076033144,-0.044983146707608654
2011-04-30,0.00037367952990052317,-0.06106245202218541,0.06906030207034503,0.15572187761752826,0.01654360860911528,-0.201555178173957,0.17696151639531912,-0.21599838510751548,0.06498905372272328,0.05396829388330866,-0.03219532458959386
2011-05-31,0.0001429114291686268,-0.07050352351889533,0.07534267868748058,0.15163655654303707,0.014179039226924383,-0.23537891186268875,0.18840367399000452,-0.21761303940572901,0.06279477723565693,0.06126388079079683,-0.04951198828605275
2011-06-30,0.0001545266535354568,-0.07061821052240272,0.07516636469555751,0.15187630015283113,0.014248569984098755,-0.2353567685639968,0.18714831395168843,-0.2175011071564444,0.06245793207075314,0.06140965555192069,-0.04995281597812259
2011-07-31,7.774173786960252e-05,-0.04777813823465254,0.06888447161863796,0.1436216799935683,0.011681520043475222,-0.25555319171217294,0.1774146787963817,-0.2091882800671103,0.04697648256114304,0.06217404146531434,-0.06436362125807175
2011-08-31,0.00023541807658493806,-0.03985514854002352,0.06890600552961182,0.14192175331397788,0.016449607139028526,-0.28521358323636725,0.2266887910523679,-0.23762347101345344,0.04483078461285964,0.057033772860262615,-0.06111745568293003
2011-09-30,-0.00015278947839945893,-0.06171583553744511,0.06977259722878174,0.14820687516146389,0.018772253279378703,-0.2695999229330678,0.17894290673176988,-0.18165283769936297,0.038604477249547416,0.06921605341835334,-0.06093665345220397
2011-10-31,-0.0005410084135679041,0.022822701505777795,0.02875897960595642,0.07557421353639082,0.017422068740257608,-0.3397587994492339,0.19158388189268286,-0.04538673283734667,0.000994399085525744,0.08700784969359854,-0.09988114826717574
2011-11-30,-0.0002138192925684531,0.09575007439775125,-0.021442093241807528,0.07502664450887514,0.0355269937964423,-0.30787919781150747,0.13021484928553284,-0.050145703580826304,0.0003059666715487761,0.09479856511114207,-0.06155081988514805
2011-12-31,0.0004959308181025919,-0.10288676946217733,0.04847784321379529,0.13345863120239532,-0.006573829698665616,-0.304245977482438,0.01999783144538161,0.15900828183838023,0.008607702577563067,0.08562192036539175,-0.01818377383375671
2012-01-31,0.0004155102406471668,-0.08972306140549668,0.035264075680394164,0.13192232466377424,-0.0014742271694813973,-0.302775998014558,0.01622694838609731,0.160567445139363,0.015316401967305798,0.08509063743426877,-0.0044059856665925245
2012-02-29,0.0003982021847692322,-0.09233458247678414,0.03720291119393731,0.1326922157121413,-0.002546463453267346,-0.30053888772556203,0.012757830852202471,0.16387725095503874,0.014666143356235206,0.0856098933162861,-0.004721149223002267
2012-03-31,0.000567683499342105,-0.06580323972889507,0.0272626419916814,0.1336606134118736,0.0004634930559080335,-0.30956113132109836,0.01723076913514804,0.15547822517533605,0.0030558306739429868,0.08930838065220603,0.0021913904877579058
2012-04-30,0.0005602069862411748,-0.08330138263948922,0.05098126321978017,0.12293074613849435,-0.004873381424350131,-0.30056566208076596,0.03216084825511985,0.14870185515976445,0.00980781100869539,0.08503476203685036,-0.009890226507529224
2012-05-31,0.00045441811843753154,-0.06850270223067514,0.05868803448614017,0.1025214045227613,-0.002472280177040285,-0.30024946834628125,0.06639477461717175,0.11976599500486212,0.013412878160697302,0.07735610728242238,-0.025199926347707242
2012-06-30,4.07620080246204e-05,-0.029410139738638916,0.05418900158025327,0.08212332648467452,0.001453524676745871,-0.2880650295790561,0.08366865437302469,0.08658212328930319,0.02063230717672219,0.0722817166535925,-0.02956522427011817
2012-07-31,-5.2819869625279316e-05,-0.02077486696071952,0.05190830523843846,0.072158173553969,-0.0015341421199702213,-0.3082450902140105,0.08943524420649228,0.09251581183400327,0.017760520052173247,0.07794867271478735,-0.03254157934918343
2012-08-31,-0.0006819810776614619,0.019022133199999916,0.05468202529549337,0.046370244532889654,-0.002306127325785405,-0.29354324152521305,0.08142429679328615,0.08136531506071043,0.017617502873722074,0.07182253376447949,-0.05066577333524233
2012-09-30,-0.0007682701478074461,0.02507759873446988,0.08441904832035113,0.0441682415981513,-0.0012046215025901025,-0.23606645939106888,0.0835297219425675,0.03083933821214306,0.018918925766177284,0.057785608313398414,-0.08052657619317335
2012-10-31,-0.001380067577365378,0.0699248203596461,0.08731551109562016,0.026209737593624063,-0.002194446418257278,-0.1926963389667809,0.0723512136865488,0.008094474498682995,0.023108342304397636,0.05273297770854799,-0.08950627661350291
2012-11-30,-0.0008737290603429995,0.024268324758360882,0.10509980744807339,0.062415763218988764,0.0012276649308431396,-0.1412892047822334,0.033107670922720545,0.005374164323477291,0.035084384673048336,0.04485992549992213,-0.04946580680001489
2012-12-31,-0.0010957100294689333,0.039674279126591085,0.09877231294987364,0.058173443805536705,0.0016071321726443882,-0.13308840009524173,0.033311520086153554,0.00547429211050224,0.03218771249959297,0.04579775307324886,-0.05247160279413718
2013-01-31,-0.0009246024581920905,0.06228204149971153,0.10678858053892835,0.05561883769148619,-0.00761206445094093,-0.0927780305156477,0.018070710686001874,-0.024144488467742663,0.04081217173227567,0.027160009112146357,-0.09710138586144973
2013-02-28,-0.0009687554646498509,0.07921906642454798,0.0959618310132685,0.05797337780926256,-0.003305519091951406,-0.08424795121310474,0.009380631542287616,-0.017529434827427068,0.03650564971777011,0.029373591565171248,-0.07568112589386242
2013-03-31,-0.0008736417375320289,0.07186014342451452,0.10817281571525257,0.05618826605795027,-0.007466033873819023,-0.08634202541440714,0.011191511218358832,-0.020294196158087776,0.03947867294065058,0.029874013929344145,-0.07185241668425306
2013-04-30,-0.0013104448908553112,0.14594876994272651,0.06307577822079757,0.0628394811487463,0.013244121314736046,0.008904482442222703,-0.019908556887661976,-0.047611151881586385,0.023688156490694594,0.00787030972114703,-0.11808306852562833
2013-05-31,-0.0011381624187563149,0.14407180728153543,0.0809594902346995,0.0621386461516546,0.015803412546548753,0.05064802317117162,-0.027256781033916974,-0.06224135694683114,0.016456389714927102,0.003328547874996153,-0.11802351187440203
2013-06-30,-0.001991744649823098,0.1573600867496051,0.08269771470097743,0.09591172453847054,0.0010783552662343265,0.07000891833970024,-0.004124191384360408,-0.06930359967096061,0.00983181288663162,0.01885802733866819,-0.06400997105449685
2013-07-31,-0.0020377942708085664,0.1504149223603444,0.09020979899756298,0.10291125747011085,-0.006190161175546166,0.0657898189935218,0.001175334746368335,-0.06845112239862948,0.008008838568010022,0.0215728071973332,-0.06208444823899946
2013-08-31,-0.002457805922158499,0.12777561351992472,0.11779686137552575,0.12292658283981239,-0.008564998035775005,0.06910879494984237,0.023599487899366854,-0.09450639862835998,0.009833826895701869,0.011058038965967541,-0.044086094283446536
2013-09-30,-0.002407590061608924,0.13995870919670647,0.10890733597421078,0.13407729301254306,-0.014960893258291969,0.05990726748433377,0.03645880120585754,-0.10260036962499536,-0.001289731542062703,0.015364319882814443,-0.032824304153427276
2013-10-31,-0.002235582967316793,0.264812211656384,0.014013118971465684,0.12391097195481919,0.006468790846167807,0.06312155400593222,-0.008597313134442152,-0.08399569357604664,-0.02923044460386927,0.02590923674599019,-0.022135506993131417
2013-11-30,-0.002023508385447165,0.2688183400196468,0.026376710978104675,0.10322422525480827,0.015877960858585193,0.06595356742705645,-0.01343342393471576,-0.08723113368051,-0.023420272764855782,0.0176672501324745,-0.026561954203617684
2013-12-31,-0.002156390919185397,0.2391171757139836,0.061136486424546665,0.07469336866007091,0.011465388933357683,0.05034683102350846,0.025632012874794545,-0.04615411968096091,-0.014598389970116893,0.005303973337736709,-0.04485733285421387
2014-01-31,-0.001650076008995847,0.28471281176182606,0.041975584195619364,0.041603750112197364,0.06730607023820173,0.044897643793570995,0.015239470508902774,-0.10031284521257798,-0.02428480542748827,0.017070550019378076,-0.040116424324900736
2014-02-28,-0.0013190129596109274,0.2901000965928573,0.03840745292690979,0.029157314636414786,0.07921074522502129,0.02893930227610474,0.04987068624467741,-0.10397061787201213,-0.0019718328568407713,0.004154973717659746,-0.03415769751227353
2014-03-31,-0.0010831775827529152,0.36608001557110287,-0.018083406792028994,0.0550747436348698,0.06559385721404017,0.025246095259836374,0.013942106963721676,-0.14418191269588948,-0.032228827271942186,0.024572690053278737,-0.04177202031905602
2014-04-30,-0.0013349077901992396,0.3125991398426675,0.03920497222280131,0.01805055379982442,0.07353674423208373,0.02821799621971368,0.033952503739143707,-0.1045458771687419,-0.016911296810457343,0.010914114646952326,-0.05401584348108377
2014-05-31,-0.001449044822189584,0.3281949594904295,0.02980237562493483,0.007849844781062388,0.08544916501448077,0.045838103413488054,0.010928017217394888,-0.07904008214895084,-0.002719907445315125,0.0028488669272872516,-0.057260564062909816
2014-06-30,-0.0015100908561918723,0.32586183277482,0.027155739289578082,0.007013175531927642,0.08510250060299134,0.04103985259021168,-0.0024097883359524156,-0.04655873488610876,-0.0019295200672322435,0.0016441442641271227,-0.056148377153328856
2014-07-31,-0.0016063197736155125,0.22749866225515675,0.11073673401175316,-0.008840491450062252,0.0811979173121956,0.017104938454146273,0.21594650840547724,-0.10732018081861437,0.10394524840416175,-0.054071427325314426,-0.03607148933937375
2014-08-31,-0.0013586676780303188,0.21431876793147017,0.11502501998719049,-0.00022981097625712337,0.07638626131953052,0.022601346363588022,0.23316658350713207,-0.12921435985759647,0.1266905265155981,-0.060275015630968765,-0.03789265090770896
2014-09-30,-0.0017785273085418503,0.29699365496807006,0.040280136917358975,0.0382412986232502,0.05668848249788517,0.0221145265075889,0.016253529476689225,-0.006193338713183516,0.02135799206955988,-0.008177580813201692,-0.017019572763807427
2014-10-31,-0.0019525897711066794,0.32419011915018003,0.02579501516759992,0.030838969422602034,0.05804037294272229,0.05814768866627263,-0.03429579332517913,0.0021329558000601507,0.027779822350008792,-0.007627551128029691,-0.02549594065382908
2014-11-30,-0.002428911912023597,0.39569904559587543,0.011567737517129447,0.006509967165715093,0.05931546644032496,0.0033643408196361315,0.003734548113792753,-0.05360907222462565,-0.06253725047785179,0.031438349634891415,-0.10914465250375764
2014-12-31,-0.0022095957090117043,0.3578967585246296,0.020829066565367673,0.002476273565992527,0.07546059829601832,-0.06882694050979081,-0.028153944873132036,0.03294679139087233,-0.11290626733410077,0.051140375796310165,-0.11390317999508896
2015-01-31,-0.002251077455595694,0.38445839382774283,0.014093101945266502,-0.011167167551904158,0.07297484124736914,-0.045767931180818774,-0.05713220165269191,0.032832117360836896,-0.11168409158299865,0.05067929856139877,-0.13973896287595536
2015-02-28,-0.0022638676154797194,0.36230782444398,0.016760158108213553,0.011354286449639872,0.07498530890253931,-0.06338838259945542,-0.10642816951432456,0.11670477717309724,-0.108383028223933,0.04330974158532229,-0.0695288013513174
2015-03-31,-0.001991715090994428,0.32670540732283754,0.048722028774675866,0.03434919810968015,0.06809786617088935,-0.05568284102147752,-0.07717484789493323,0.067041042371099,-0.09457380407021024,0.034998235202080875,-0.02269662620873982
2015-04-30,-0.0019301966460189223,0.3251040532955107,0.04657747775359167,0.0345701348820937,0.06857158577274683,-0.055487279747353103,-0.08098631622015226,0.07489360517846023,-0.09650207948047093,0.034595252347332274,-0.027638873356816383
2015-05-31,-0.0018121004155651702,0.35728280227019243,0.05917384499184621,0.03297346614561051,0.058589162514891636,-0.008218926416549435,-0.08217642804564626,-0.026629264128124518,-0.0667019023441023,0.03200630209031129,-0.004607735288238888
2015-06-30,-0.0011426179629087675,0.33067884074928044,0.06683016514882426,0.0331725064285897,0.04754455691619904,-0.002118671928688385,-0.10912180682237742,-0.009378497065804866,-0.06729669638361048,0.019957568605755736,-0.032271036669496905
2015-07-31,-0.0010190998729323322,0.3280728703812532,0.08617579811173956,0.005655123302716322,0.06982987771597292,-0.016414250798872654,-0.09361566613313417,-0.037033908854657405,-0.03986327228311029,0.031147735233067176,0.0063669787556463135
2015-08-31,-0.0009053844990070736,0.3144989175806385,0.08021050668558517,-0.00665143445339321,0.07103386902958327,-0.021930208313808083,-0.10874286644522951,0.023816888438158025,-0.05433501268911029,0.030010484211732847,-0.02510590990420988
2015-09-30,-0.0009013161006993771,0.34415822061682544,0.07924480096583437,-0.015733568265801145,0.06279343793636766,-0.00913432675692947,-0.07832888951467123,-0.03895805318223885,-0.0338112655070616,0.029121563871255234,-0.010065822506113596
2015-10-31,-0.0008011079385029062,0.25178505771180076,0.12612338957405952,0.03811133767384811,0.04736880058983501,0.07526404121104599,-0.08817326267193702,-0.14657212859103122,-0.008177474755182913,-0.001921105920307296,-0.00854125495238221
2015-11-30,-0.0009613629920382917,0.25101716171157296,0.11091895212420956,0.026524999561696544,0.05554325100893968,0.07055436682240385,-0.11134168513451506,-0.0837724090337823,-0.02448442148866879,0.0044198151162087385,-0.03108733986022179
2015-12-31,-0.0012551786813352265,0.27477391470632045,0.11432467886402838,0.020681078133183893,0.052614748067682154,0.15303719000538843,-0.17208338395900086,-0.11219703525357494,-0.0022273974682157725,0.0035131602980658216,0.0028559691284808773
2016-01-31,-0.0011413311436185175,0.3023717009367571,0.11079511564543956,0.005452539833931368,0.035569257806010224,0.27574635745958237,-0.2592138306058569,-0.10369740797482536,0.019842764435799076,0.0018707532610179212,0.017194639559840647
2016-02-29,-0.0013981338534053431,0.2983522467766123,0.10517106773747185,-0.022831894241302057,0.05111761514814929,0.2632821736061121,-0.2737882295552992,-0.05424634791622607,0.005861051689558527,-0.000654346463060672,0.016207074426755785
2016-03-31,-0.0016241525717095018,0.3114956829359924,0.10885072010440608,-0.01220734179391791,0.03726517270964042,0.30526796077793084,-0.3056598409796159,-0.07858682118886072,0.013820152658815704,0.003825611434674627,0.020258472002912455
2016-04-30,-0.0010378315045775704,0.2928981953389874,0.11280849786621425,-0.005532296913539101,0.010554076686194545,0.25448808900449704,-0.23496518805221864,-0.044882276042705053,0.032941429091291774,0.00022098745478246138,0.029662759915058325
2016-05-31,-0.001380229164155217,0.26939815354610785,0.11664319940363839,0.01328168124511222,0.0140112748104216,0.16534498659288624,-0.2083961314023388,-0.06251578550288377,0.010166827714576535,0.023750876579656688,0.01575276193840354
2016-06-30,-0.0011099526563624865,0.3025107511754076,0.1275358646262383,0.009091730550752831,0.012209128130282118,0.20027655307687298,-0.22516072792046787,-0.14039894921195656,0.028695917308832506,0.043587898989300246,0.028388730365622804
2016-07-31,-0.0007904204625371444,0.28055069151224665,0.1153690637323977,-0.0025201589491538547,0.04082716058348152,0.14230976244924992,-0.2139074444119463,-0.10389748814348938,0.010245869357307364,0.04114368390443644,0.03951439272083009
2016-08-31,-0.0005612176197621142,0.24392432361572802,0.10151006351446867,-0.027852172760342034,0.06100560875147548,0.08355264201868412,-0.18789431944076482,0.005165991666774198,-0.005547876081206508,0.020918695002796816,0.04700548484166945
2016-09-30,-0.0002562782272591434,0.25248656293963656,0.07535171409269921,-0.05141627076979971,0.077283131784507,0.03153439098838828,-0.17638409575636974,0.03997381930149785,-0.009631384075471417,0.013785006351904987,0.07572740336060468
2016-10-31,-0.0005255224896345566,0.23231316203758645,0.13440202764212428,-0.07575913551625921,0.07226486392494692,0.2450311189753791,-0.2817308235107898,0.1078681178795445,-0.011487816700625193,-0.01927330277511242,0.01551337687102397
2016-11-30,-0.0009640390970518525,0.13773854353731774,0.12515224635132366,-0.04451226858479797,0.09129776945921456,0.250199342835224,-0.2841189261358122,0.20590948838504816,-0.028022401723693,-0.03449543307049262,-0.013516097721962711
2016-12-31,-0.000821636379992926,0.13999519456494158,0.11987187425684248,-0.01028320086093783,0.07056100592385585,0.27004566585388956,-0.26291840149230417,0.1740204625976616,-0.004749465192292656,-0.03873570234477335,-0.011170748810902796
2017-01-31,9.723438155667034e-07,0.057862567314007574,0.12690097100039233,0.10683639790755012,0.05458972565938256,0.17812751049713846,-0.15087073643519966,0.059026277266342006,0.005458365157417682,0.014324409652550312,0.09644675639467497
2017-02-28,-0.00015051012158430187,0.06611848723841943,0.12416379454472139,0.09936189963229393,0.05203704540719702,0.1489474673212401,-0.10502623041775407,0.03601625318902134,0.0039330274901206875,0.025667308769541725,0.10736849509299948
2017-03-31,-0.00012337246829555645,0.06084542432613127,0.12684208626654125,0.09912261916431794,0.05355880767123718,0.15260014539912728,-0.10612924155537912,0.03853486734147598,0.0029687591910882156,0.02509450733266625,0.10977649511768521
2017-04-30,-0.00019219786913038205,0.04494770112776844,0.13512036474755654,0.10737974480712559,0.04824542791168841,0.12630015055565158,-0.06962605877256137,0.031986468797959536,-0.0023245764424589463,0.03312564720690537,0.12188857961261929
2017-05-31,-4.190299268565396e-05,0.04852818212626778,0.12819155191396037,0.11178866417336863,0.04642324074652992,0.12774473037268916,-0.07164073898772627,0.03911836868850178,-0.002081786303499634,0.029641873829828854,0.11475005074631545
2017-06-30,-0.00028918723511201915,0.04826579730282421,0.12028284377443244,0.1182888721979946,0.04590999647753255,0.1135665908696444,-0.05397043401530863,0.04883137574925506,-0.004373749615286953,0.03467657941074948,0.13783085331823833
2017-07-31,-0.0002223591859082214,0.07078056500536378,0.11400388753534793,0.11253718078113036,0.037556368359243766,0.16095341398614504,-0.07888801588092444,0.07384415362172358,-0.007522474660411728,0.019810920227251946,0.11266357781255083
2017-08-31,0.00010839528506022382,0.06805331007104623,0.11388186295220214,0.11119909956591334,0.030345459291999638,0.13476990180942017,-0.06745801802546392,0.05846179580398462,-0.004797944821299875,0.02763980396102563,0.10256630264777072
2017-09-30,-4.9009003685735085e-05,0.06861329627448998,0.11221181440827045,0.10488868555024523,0.035119213145904535,0.14750669061419536,-0.08836899328713807,0.08488926832791023,-0.00833491875055777,0.02419176504826805,0.10078186379498923
2017-10-31,-0.00012072681976454167,0.13103961159710753,0.0885246199317665,0.12051691543211314,0.03024706304466928,0.15231085457746488,-0.1268179472343079,0.0844044766294825,-0.006731499728016509,0.03601512408417793,0.1277313302588684
2017-11-30,-0.00033617070033928385,0.13941348526696204,0.08074675211337631,0.11125657171672738,0.03491055325818584,0.167245541282783,-0.16454583911065682,0.13259737964919077,-0.008367474528745015,0.03127400798707535,0.11945688827658804
2017-12-31,-0.0001835620955153912,0.12520176728006938,0.0851461567082325,0.12603223812288272,0.035899829300979125,0.13095654391307063,-0.1159304629877208,0.08074598701050165,-0.001986036922725506,0.04260878071978138,0.14178621466353072
2018-01-31,-0.0003141757647501361,0.19388108617277122,0.05438838733002045,0.12630008469878345,0.03998365051134727,0.08627942503906841,-0.19312726547301087,0.06877866769554625,0.0036318303792098527,0.061568933982028416,0.12030489290249845
2018-02-28,-0.0012066992281487663,0.18882346321039434,0.07102302911875802,0.17463307802297648,0.04092606248476872,0.10990656156202794,-0.17961163106958358,0.020712259798825308,0.016892155486034448,0.07130666160148004,0.16122366069362137
2018-03-31,-0.0016694727795133126,0.20467838246274708,0.0676811406563861,0.1038475309611581,0.09813438347168116,0.072210234107127,-0.06452091516291056,0.03993773918918158,0.02145323125263373,0.009932788047675117,0.11730909106838332
2018-04-30,-0.0014175308519166875,0.18017898805075136,0.06937791754401931,0.14756636984469182,0.06612886235747147,0.019106122941618797,-0.052613917500473374,0.04319011509598249,0.028708695534281146,0.043491330944439625,0.13501100840038988
2018-05-31,-0.0015445287155926677,0.14541405263033616,0.0672392657959233,0.15957555053337014,0.05916458263151182,-0.1029363197579814,0.013169576083835252,0.05804359938637278,0.026231256022612538,0.0694800392815271,0.1305286632581263
2018-06-30,-0.0013251879333490218,0.20399313558892093,0.044591414135120154,0.16509255084997904,0.04694138037929877,0.045609129164782984,-0.1019047998104205,0.06567765644698972,0.016564908039954824,0.013616010049736673,0.08767791212292002
2018-07-31,-0.0013416971864049529,0.20329576871674612,0.04213692687651862,0.16643649909924954,0.04108996160085801,0.05303230366326608,-0.1123603120443027,0.058867186026701206,0.02621595699023779,0.013892438518241304,0.07917457624329291
2018-08-31,-0.0014029812827066088,0.23721924711169629,0.03811076033454722,0.1677015767581141,0.03595702583733859,0.131942734907187,-0.1631729063357425,0.020832821431394977,0.028828532195741198,0.003499703147664551,0.07098728704761116
2018-09-30,-0.0015392618173360275,0.23681604706522924,0.04493637133515146,0.1679889183233872,0.044866424409306084,0.1609553207297002,-0.1860433759649111,0.01676907862180878,0.0228975444222061,0.00014477874286007538,0.0783762211262457
2018-10-31,-0.0009171022504503633,0.2332566475420004,0.03708934697734653,0.154491380215584,0.02529752862300241,0.07429113437065825,-0.12083667883199933,-0.014874589920091894,0.011668121289385897,0.030530314583074564,0.07928059726994999
2018-11-30,-0.000977573031751526,0.2362558737537524,0.020833893447051676,0.18263629503925607,-0.011136069041944155,0.06589962529308538,-0.05279111070698768,-0.04922813918379423,0.03119289059503886,0.04305043486727794,0.052345361101565166
2018-12-31,-0.0007349810232585071,0.23774967293756755,0.01524878664226789,0.1962269680017584,-0.021614149352291154,0.05635707713322995,0.020026434269424746,-0.15016568828759033,0.02989611228397286,0.048461297210395944,0.04860904499254697
2019-01-31,-0.0005940588790772485,0.21640822402369592,0.027264182478202816,0.18468241378993785,-0.016274211405861192,0.04864706114242071,-0.01241247597006822,-0.06414327118490001,0.025887683731484017,0.06980360573544987,0.03757117795859059
2019-02-28,-0.0007291752720750827,0.2225114014218134,0.019883937034415156,0.1603182497902667,0.0020545448788083817,0.04658335511043433,-0.0034173209250164724,-0.06274539775612296,0.027548332279699425,0.057536229502648945,0.03730341657879432
2019-03-31,-0.0007019231397726211,0.25493704553822255,-0.006895091110716782,0.1586815283812603,0.004124491197477211,0.09180348223388038,0.0225923216982614,-0.07309581791052921,0.035519064897492875,0.03283919176340309,0.05586666031391573
2019-04-30,-0.0007876312572737054,0.2556585354947591,-0.009081435587987784,0.14677948665374732,0.012078973112874487,0.09376311606628433,0.016127888505783977,-0.07003808952063612,0.04042637592486862,0.025657951837107194,0.05549407152752457
2019-05-31,-0.00045756200323405767,0.2490274991659543,-0.018745660653411003,0.1986867867798499,-0.013321036853458985,0.14674856251974766,-0.008621611741506644,-0.04324915044529252,0.03176516408884062,0.022895349560335034,0.026623821722968895
2019-06-30,-0.00048248309864425815,0.24375186474933555,-0.02414801506195195,0.18982663836501487,0.0020959060696872536,0.17082951828325216,-0.035861272768696495,-0.045576480520153125,0.040185460464163957,-0.0012683978093810794,0.025278191826124896
2019-07-31,-0.0002792443204392696,0.2560368131542139,-0.02858643995144428,0.1646739622838458,0.010827337602609177,0.1606303118914022,-0.02977173986691991,-0.041307242476402696,0.045462649155936646,-0.0010650533435643292,0.0240145213115126
2019-08-31,-0.0003183127635658524,0.2572831619175654,-0.02838436598731447,0.16799100007784903,0.006271816363569286,0.1540613000719504,-0.019406393504737402,-0.04249994262566569,0.042703652174860225,0.0020910020490502597,0.025645165432489566
2019-09-30,-0.0011579453346970254,0.31746017498665624,-0.06235398193847852,0.1093503886073438,0.0211883933841601,0.27257364445879306,-0.13090470473825094,0.029789624426375658,0.06291373702963661,0.01591898341969027,0.0077566723441168895
2019-10-31,-0.0013700566401200361,0.3308991855009768,-0.07293002647801973,0.09580506997739581,0.029576952928766595,0.27574948650388803,-0.13100855184153512,0.03451966977668855,0.06821680440271574,0.014037002633884015,0.03287965312362945
2019-11-30,-0.0011177410058207638,0.3393091770529548,-0.05597604142460131,0.08348050127774467,0.014022208665181257,0.18602697791884704,-0.03381651004705167,-0.028693488328319885,0.05874003641633854,0.008158392280718723,-0.0013492765284708096
2019-12-31,-0.0011506333680161454,0.3419273164648634,-0.0559012892439927,0.08792299011486475,0.012225840892521293,0.18247932760509097,-0.02260592514676116,-0.04767851931250546,0.058516446996694525,0.007849043153134005,0.0039843976314575865
2020-01-31,-0.0016384449030663784,0.23364575804006532,-0.015863686074391783,0.10652500728285658,0.011195146021780348,0.15835189419492401,0.023305808361346405,0.08231337651094857,0.04335766543872225,-0.009992590293401443,0.06593722711535842
2020-02-29,-0.0013801145103724635,0.21105864305074398,-0.007618663807525775,0.09906357481354593,0.007234914773855913,0.14436591120468334,-0.003947149027160254,0.15171320741539315,0.03359101595743518,-0.009346571740648204,0.06025780892619699
2020-03-31,-0.0015760341755806906,0.14250756612999058,0.03129573738364174,0.09816125133535011,-0.0068302440333506895,-0.008065540389849456,0.13171206734515695,0.2197113361404469,0.007243945214292932,-0.010675489983747809,0.06434465643518412
2020-04-30,-0.0013894850641960326,0.07655094711312894,0.018466715608471598,0.16520457625735885,-0.005652430059982725,0.1827500780408124,-0.000530298317918779,0.29379259043121697,0.048747607764243306,-0.04920050358110325,0.07919394714803822
2020-05-31,-0.0021736800613623066,0.10965867054154801,0.02364335782313779,0.08741078295180223,0.03628739163024554,0.0884095546339921,0.1002432386594962,0.1838859649549059,0.040510204275594625,-0.05581392630626257,0.11817648600658935
2020-06-30,-0.0023027183389605216,0.1090725642489528,0.0340408303677702,0.07995167760917739,0.061457219918187325,0.05711775125560707,0.1699468480057534,0.0565090666411511,0.05578647969639991,-0.04166522810399835,0.1916173787246775
2020-07-31,-0.002349532213629992,0.16316549813488346,0.004524063746033482,0.01879489237857269,0.06497927223403922,0.07013165737553104,0.13625669384409592,0.1264627135473568,0.06615578710810327,-0.042207489530236626,0.08599977568928956
2020-08-31,-0.002322481413084899,0.19343497527426895,-0.030223745886569214,0.061826672371006954,0.06120871758860557,0.07209271185688686,0.1133815771224484,0.11107284623064412,0.06445927106155272,-0.04031966904353705,0.07349051958536884
2020-09-30,-0.0019170875298799898,0.2053087534368102,-0.06323808088186506,0.08557644736841245,0.05636584047717481,0.015745372307919676,0.13777707130079658,0.1272395758023801,0.056924569089310144,-0.0502831495648886,0.0645616782989886
2020-10-31,-0.0017448966332756942,0.19707905152823782,-0.051269657376472245,0.07488797782797978,0.0554575053800507,0.009687855383943685,0.13956257294377863,0.12886875168854495,0.05568099136323038,-0.051827758740853144,0.05200030440842481
2020-11-30,-0.001646820329376762,0.23031063524975318,-0.028038009743366295,0.014796148145131003,0.008333462656545035,0.002598910493076336,0.25422791823581203,0.05737319572232657,0.09939880753011024,-0.09343290493934055,-0.06576080071100399
2020-12-31,-0.0012453357473516398,0.10435832007603321,0.04306707551435559,0.09264480558653485,0.028726510802829515,0.15121394544559708,0.0497679235073078,0.12227459978739678,0.085633008034341,-0.023110625497268007,0.02967141459201613
2021-01-31,-0.001473797334838047,0.10638881525459623,0.031101475641689726,0.11077024106941044,0.04129810067913752,0.19043712281228753,0.02135909600456713,0.1521161217528831,0.07738284393139835,-0.022674867587897034,0.052222156944439935
2021-02-28,-0.001508378066802269,0.10126649737432092,0.02940013795127481,0.12036306176152164,0.04383199583086802,0.19194160800319568,0.015201293796874342,0.15972951471203703,0.07111403708400624,-0.021162646054085212,0.05524264853505288
2021-03-31,-0.0005499588445861068,0.07386340702433936,0.012477229351709999,0.18862756983509962,0.00863756818091912,0.07316409783534497,-0.005239824452206062,0.21227337551605363,0.049027514598978,0.001576183453329919,0.06922275377704164
2021-04-30,-0.000577618688324239,0.09477309262262637,0.008524255525451888,0.16765847632560343,0.0008729047001359245,0.07789037952227973,0.011770157409611301,0.19358258597719963,0.06591804811600231,-6.452245829788792e-05,0.05442674278443201
2021-05-31,-0.0008538825470760078,0.10473616522273752,0.005419486768447352,0.16270455954121724,0.017239066024529445,0.11493290564723986,-0.014426627388510506,0.1968990288130373,0.06748877584316139,-0.0013076531487418539,0.08011522079372084
2021-06-30,-0.0007594189598866478,0.09267471072202663,0.011422051552518736,0.17385953148997282,0.002242393584390264,0.07815913898244599,-0.006247424845396673,0.19733946620450146,0.060777826923513543,0.0049030514802082875,0.052722766867695184
2021-07-31,-0.0011971025546037332,0.08305483023064408,0.0062777361278491635,0.18576568193602525,0.03412994504595599,0.11735949236741566,-0.03793119799446372,0.21132704095285157,0.04448886681041864,-0.008085710160887638,0.0272168224651612
2021-08-31,-0.0011988181362287756,0.09824938060911084,-0.001432860411639458,0.18412120780874788,0.046146343213470456,0.11852753691802881,-0.06715169607525633,0.222519956194404,0.03557468286286747,-0.019532225371363756,0.012834794038597717
2021-09-30,-0.0008063419231470174,0.10229292841481116,-0.033681785722295014,0.22788757586196903,0.06809356511964232,0.12997981069529532,-0.10115362378851542,0.256662846858117,0.011759782935457224,-0.039374350589510845,0.0049131115246513245
2021-10-31,-0.0006194675447104849,0.137180877702982,-0.03857200772366044,0.202522435788836,0.06875875795730392,0.043455648286174854,-0.01591351874097123,0.149045799020287,0.021392178956807742,-0.03448548719045761,-0.01189903233447747
2021-11-30,-0.0011092336521340595,0.12818586611365893,-0.035757605624630345,0.2087136849056073,0.07664472371076543,0.09589147416355968,-0.05037375382366477,0.15750681286985196,0.03189538189779298,-0.02401865759734001,0.018513001088341356
2021-12-31,-0.0006201221883434435,0.133894955002952,-0.06693062230200325,0.2203432628356263,0.10597647268694005,0.07752388592687867,-0.05309780355334476,0.16182264313513717,0.029228638231451352,-0.029006871888239426,0.01633452790357373
2022-01-31,-0.0011194624451471898,0.13761479325486256,-0.05674001063013377,0.21371947502792665,0.09755859345440085,0.056183457092573344,-0.08090374080567357,0.20387380529552937,0.011478172416887185,-0.05847905911465415,-0.09194771251736975
2022-02-28,-0.0020197095291483867,0.14597658931782137,-0.024829632446784454,0.19964698214153326,0.07874803816168405,0.06087691160092966,-0.11725605214079367,0.17225397667494163,0.028905638443281166,-0.02696792100842835,-0.038387756883954016
2022-03-31,-0.0011630201827232958,0.18232140023847168,-0.0188404863790909,0.18025055671474982,0.045336661014168535,-0.04827593755240587,-0.0674892771854527,0.05004774176356505,0.020081916826808138,-0.01886250057355056,-0.09918377883311955
2022-04-30,-0.0018278174133202344,0.22139882035097602,0.012658973911791454,0.13467147304153732,0.06863388734803921,-0.09430060363575797,0.01073003987839494,0.01641922132153982,0.01158646142092135,0.02728007269331543,0.057334896153036476
2022-05-31,-0.002015550931446782,0.19308168458943417,0.021573160849195798,0.15616227596784274,0.05736612243314307,-0.0930466962128628,0.0589047793443333,0.07494698421686213,0.029957136018247704,0.048623799065755806,0.1542538890960193
2022-06-30,-0.0008137730996519892,0.18988405971973055,0.02726165618139174,0.1483438659153418,0.08840876599384251,-0.18840114094818367,0.2190976173972289,-0.1304639953210233,0.020117279196663437,0.06523682225755846,0.15546513921204222
2022-07-31,-0.0009384729503248047,0.1835735479705881,0.03197154477253264,0.16265090711179134,0.07955447313494449,-0.17398273020295466,0.20663552027069584,-0.14024821904276732,0.019117090531792294,0.06193080908175074,0.1606058192769727
2022-08-31,-0.0009182544416228885,0.1884723123248156,0.029905915573787502,0.16507792982785288,0.07874233907064125,-0.15279376802876343,0.17724362555635012,-0.13367405662507775,0.018036658734088013,0.057670714138610656,0.14761930400414655
2022-09-30,-0.0008925491128206086,0.1924437455484379,0.03558724606577905,0.15986895111155483,0.04295181155613382,-0.22469256994890682,0.17213047778839738,-0.1089199088929801,0.007435188632538959,0.049614469905028144,0.06653456575431425
2022-10-31,-0.0004925411150245606,0.18296301308250512,0.03526035379380072,0.1369630723126584,0.05683161012269612,-0.2928232544808336,0.2514380021993686,-0.10721918437921464,0.006545215105402066,0.05877533561849401,0.06915340362599941
2022-11-30,-0.001122876997101667,0.20611423882773444,0.03968440682249252,0.09973991861530157,0.05181273082536031,-0.26086009703693847,0.20866127806203094,-0.08695098081994351,0.013526047913000784,0.05741647801838769,0.05976536656151326
2022-12-31,-0.0018785924913039885,0.20759448083252224,0.03415251828056726,0.13715046346200513,0.040293589884626856,-0.22184886275837673,0.2157065003382881,-0.12798251898883187,0.02072904499754828,0.047558167113228016,0.12478224940108355
2023-01-31,-0.0018351803805878224,0.20259370816311367,0.03754358318510082,0.14206705110888662,0.039610070893062795,-0.2210692743434414,0.2203262634964366,-0.13269574590971447,0.020520311492597674,0.04935173300747322,0.13274720062912254
2023-02-28,-0.0017464823297705454,0.1960542146339858,0.04227328664685977,0.16233789091964204,0.03473069147615057,-0.2007840389732778,0.19926228141996347,-0.14766161347763734,0.01996756623322437,0.038671823311633775,0.12914124514959385
2023-03-31,-0.0016250352579476007,0.2127877372059401,0.028264996776513958,0.14448137193102706,0.041519018912658544,-0.2054987614519866,0.19460929997901916,-0.12298997295731351,0.016815487953357106,0.04689406600939746,0.12776784826222645
2023-04-30,-0.0019395607826016592,0.1931924985092332,0.02744142779807306,0.16887204053197993,0.036164412012938414,-0.23692549400343696,0.22876604313781804,-0.11956464103891823,0.010450042400721846,0.0531448689644198,0.17293769087959054
2023-05-31,-0.0019243278621704429,0.19220956078435883,0.028027916174673564,0.1694215673872331,0.03566565977211889,-0.2393459728643608,0.23161736863552224,-0.12033260042436734,0.010399493146322908,0.05504806256072639,0.1751633956873929
2023-06-30,-0.0020138816240508214,0.19415680288224585,0.029193928454290446,0.17446864571219772,0.035545918921845755,-0.23027674958367067,0.19916857410535874,-0.11549385479799507,0.006016993748063554,0.05964409963059388,0.15976885121398673
2023-07-31,-0.0019878939923238183,0.1958273945865498,0.02786012702050833,0.17963527318877898,0.027910849222247062,-0.22628631968640647,0.20869461814402213,-0.1267954287472286,0.008025431537626884,0.0592081859616896,0.16080064958631546
2023-08-31,-0.00204137536790086,0.1932429684113051,0.0265913969298202,0.17756483996127537,0.019432305548127242,-0.24771433511587013,0.24627459642145003,-0.13282989447101246,0.01188944464899873,0.06058881857062835,0.16393566208665944
2023-09-30,-0.0018621186300702827,0.1835685223524987,0.02521540476768017,0.17761195028082152,0.020553870028333632,-0.2675586063829164,0.2727220994020814,-0.126582937563294,0.015304285014913627,0.0549274976923165,0.17400062906091313
2023-10-31,-0.001664448901748558,0.18718512265223822,0.03220208917476552,0.19358578868665732,0.0027333879853205243,-0.24155065603879922,0.3229685571918303,-0.20510570177793375,0.031557087889435384,0.02854592243014149,0.17545639803519775
2023-11-30,-0.0014771049870699231,0.21182360091470864,0.022465346241354475,0.18383136409811857,0.014233933352900597,-0.1645191044179597,0.23084803709305518,-0.18793782335657055,0.022666174634710597,0.024148673004024283,0.1658726130776474
2023-12-31,-0.001262129545022281,0.18776326827429715,0.041069218812437996,0.17850392949404828,0.004964256784102625,-0.18126734191773305,0.2866805240337948,-0.21400698380672686,0.02242527883482698,0.020214921364157104,0.1560593648345092
2024-01-31,-0.00116581963683515,0.18688767262970366,0.040941349524538324,0.16973546218238367,0.014354697940580708,-0.16865939406886762,0.26163853861984915,-0.1985808832231285,0.022350918097938394,0.017070681017581527,0.14221126032758102
2024-02-29,-0.0011280185565396635,0.19622849836027167,0.03776882718204245,0.16999385375295586,0.023907011135391284,-0.1496199170395796,0.22034626185955924,-0.1889074911488314,0.01663148877748975,0.01402231378188444,0.13607063219455154
2024-03-31,-0.0006480282175735251,0.18156297298949906,0.03183109307643728,0.15049206026027176,0.06400281799135787,-0.0030736606141671297,0.03974481644101816,-0.08488515411964909,-0.001753803439404962,-0.009226280876956733,0.08909332180299988
2024-04-30,-0.00032341368539838056,0.16522274204293041,0.031368707768675064,0.15878797465490438,0.07345091269157748,0.040184888077061186,-0.006833104223316214,-0.060617975814694684,0.0037583534363641586,-0.010252492799141462,0.11029588035494987
2024-05-31,-0.0003905025624973528,0.15244437151670792,0.02981899287807912,0.1450080182921107,0.08144723198222563,0.003788995796635448,0.032758896031243344,-0.03810053928832249,0.008464178384173668,-0.012703479268919517,0.12448903576786914
2024-06-30,-0.0005542700930588629,0.14699081231278296,0.03272274041343301,0.15668236958040824,0.07274276284690724,-0.020482391919925586,0.060043420177920075,-0.05436009736923033,0.008507900577695866,-0.009620808826374042,0.13114279941933912
2024-07-31,-0.0005565138454479882,0.13597761304810987,0.025381975346506068,0.14849742732536855,0.08249832154385535,-0.037847515869036216,0.05026628650155579,0.054806038705012515,-0.0003897996321083863,-0.014086038987476839,0.1611971603686299
2024-08-31,-0.0006464284550510695,0.13371609847028057,0.032252443500218476,0.1486324207288651,0.08173627018404897,-0.05055799234104104,0.07699125253644613,0.024052381556192624,0.004535754067754986,-0.010412950970560676,0.18099756231730588
2024-09-30,-0.00036698489575758735,0.13189195889093386,0.0253239217157412,0.1063298609712274,0.11658893044587126,0.005025978776018762,-0.009919740172402939,0.14654674668072604,0.004320770087690569,-0.011169429736851642,0.16795143764588624
2024-10-31,4.5752532049541155e-05,0.11647597776677075,0.01626244077887068,0.1448820865472907,0.1368148366110741,0.20044329420723594,-0.17516151930010157,0.13352913594303764,0.0018993703479311859,-0.04738918316286203,0.13416984546850985
2024-11-30,0.0005130576956786762,0.1339968327175255,0.03177236188820756,0.12494008447025066,0.12151325283063771,0.13774465311389986,-0.030231126494784183,-0.005811639766965901,0.010322087260743466,-0.04996803655293569,0.14395273620114238
2024-12-31,0.0005736619112386731,0.14085200918041074,0.04129129438014872,0.11658645487896928,0.11505295121583144,0.11828573345286214,0.022250969234969713,-0.10399381715338475,0.011888713163705246,-0.045738226935558665,0.11273729604931076
2025-01-31,-0.0006447138916632668,0.10663803917863876,0.025430499308262758,0.24388669800574694,0.12204402067943129,0.2741651708532072,-0.2882221082118564,0.2709279957437931,-0.0029388958584770503,-0.016054987684218383,0.3217482792145694
2025-02-28,-0.0017157169530114468,0.1454749363844942,0.026501635311851107,0.20468360833624918,0.1122736978047693,0.23634443501734437,-0.31688812508527947,0.3428233321337116,-0.00167183773418412,-0.004509364215338343,0.27610198051148216
2025-03-31,-0.0013624687481438346,0.11726621999170117,0.04206199802900453,0.2173375853160866,0.1121145465056479,0.20277353913261675,-0.2733589740654711,0.27663927425734164,-0.0011094044494343047,-0.009916819623643745,0.2747780734999531
2025-04-30,-0.0016091065091621004,0.10222118221728657,0.04610494629615821,0.2022891312270457,0.12126010184882884,0.16106702729314584,-0.20488343442915619,0.29144268295939035,0.012591389595727484,-0.007867690931371603,0.31977285103946795
2025-05-31,-0.0018985571889874534,0.09501004264524232,0.046421202064312696,0.17919253601892057,0.10892675580298479,0.2298109602807085,-0.2634107843292965,0.36742607777290054,0.03733628554673872,-0.005998954645853677,0.28159381529894434
2025-06-30,-0.0021832173437978573,0.09045201137052061,0.043226683495106576,0.17255497243137027,0.123962516849976,0.3429834343161371,-0.3602151259350167,0.42248954967838886,0.03162972739684706,0.0036625875052750897,0.3231129524373779
2025-07-31,-0.0022346894191296795,0.08848644742494624,0.04535193777260282,0.16814514926385193,0.11604265801128304,0.3477987759016411,-0.4100764112655073,0.4980350424124274,0.05131651701469515,0.0005242466766943764,0.2823253627717207
2025-08-31,-0.0022389741307693523,0.08692193273861176,0.05072843283695586,0.1817234454683513,0.13124240288217331,0.3397906475366484,-0.3716470300601105,0.39647119580596496,0.04418216530306418,0.0018367222341131378,0.30196903757873644
2025-09-30,-0.003601519860668998,0.13514865426049494,0.03967199888907872,0.16387266327302108,0.1339596381953036,0.40082043259709543,-0.4176807085520414,0.40871823037209465,0.03657450970372546,0.03535427773623818,0.3150389502642584
2025-10-31,-0.003680590607090475,0.11999487620658866,0.042952825218705096,0.15728755527739088,0.12685950853852054,0.35076714263888814,-0.40074966695113196,0.48163811089306646,0.051559213636232,0.024117798691620528,0.2755921078511066
2025-11-30,-0.003667702454904266,0.12068386738624964,0.03482844327844001,0.1572742922655885,0.1263613175629496,0.2856189731875636,-0.32475526052205383,0.49814423183343487,0.04291480239394849,0.025122896317381297,0.2776065333957094
2025-12-31,-0.003716680560262497,0.12267920397248883,0.033287454930310385,0.15789039344324704,0.12598574704990784,0.2950005131583492,-0.3478041907072483,0.5137122788686216,0.04597833918744521,0.02576370848502592,0.27392546395716927
2026-01-31,-0.0036622177524527778,0.11128268364216978,0.028483013744089788,0.14065624929628068,0.1395508254431341,0.2204277792042983,-0.25266440137687746,0.5216250608593801,0.004405296134169302,0.017282024325490673,0.2822275243962217
2026-02-28,-0.004141332548795328,0.13835666149505965,0.011867805345308657,0.09563663364793475,0.10345569467077977,0.19007346444178938,-0.23534650357231257,0.6452721645333043,0.02640595920124215,0.03112351048803013,0.2232258499716342
2026-03-31,-0.004344906598793468,0.14684821976142942,0.008402961062150686,0.0985074443398736,0.09962842649627239,0.18680197239521273,-0.23143918204149005,0.6466524435339827,0.024680376732919878,0.03795217585275097,0.2289952226737419
2026-04-30,-0.005529117331403925,0.24334020542473886,0.0010103863163283889,0.081572086043672,0.08564989473436917,0.4004017109535803,-0.4480275004515363,0.6490251269284891,0.06131119077733087,0.04466132831040624,0.17395996693002017
2026-05-31,-0.003684655874288937,0.2214098983935344,0.018166065656692355,0.12482782986790883,0.09647129825347985,0.1891277298757043,-0.1435137869058187,0.3299596444278917,0.03466359747547546,0.01237883015564136,0.17583023203825054
2026-06-30,-0.0030242056713833,0.20293695751972307,0.02075997407525886,0.1088528894750277,0.1202762963268211,0.2536788505452151,-0.20459160912353683,0.3670506719382542,0.02244869067798643,-0.0018194616150027801,0.19690443054593432
2026-07-31,-0.002749323169564399,0.17653054983513045,0.04003994382009316,0.09840836549844496,0.10988431776617519,0.3540534640072509,-0.3557627250495155,0.5520968651266928,0.025230293725266473,0.004288970375672048,0.19496357769412262
2026-08-31,-0.0024699119479310045,0.19134644141585072,0.026407901925045957,0.09825487473833705,0.10419752735528628,0.32519251336163363,-0.31465542763171567,0.5668024459363046,0.02464958647768891,0.006724333359774128,0.1877643539667629
2026-09-30,-0.0022539662310971324,0.3024786932056727,0.018513084186853726,0.1998222932384761,0.04805385796232649,0.11095192186839463,0.05668094614824923,-0.25514581622464827,0.03393601011227658,-0.0066288833149252754,0.15523857081320266
