cutoff,max_under,cap,te_insample,corr
0.0,0.01,5.0,0.017020487365816874,0.9936186114231997
-0.25,0.01,5.0,0.017038803626343198,0.9936691177938656
-0.25,0.01,3.0,0.017153748675970394,0.9935373919923548
0.0,0.01,3.0,0.017546603260326293,0.9931258845684428
-0.25,0.01,2.0,0.017570987803160437,0.9931542878470536
0.0,0.005,5.0,0.017597154114693328,0.993255548251755
-0.25,0.005,5.0,0.01771604776262137,0.9931983309204887
-0.25,0.005,3.0,0.017762658483573987,0.9931307789343781
0.0,0.0025,5.0,0.01792237407612108,0.9930287072170216
0.0,0.005,3.0,0.017924497129609793,0.9929318069160461
-0.25,0.005,2.0,0.018034522545060657,0.992868645189832
0.0,0.0025,3.0,0.018052125702177062,0.9928853254401528
-0.25,0.0025,5.0,0.018100272202019336,0.9929185389647739
-0.25,0.0025,3.0,0.01810939537791673,0.9928984533770621
0.25,0.01,5.0,0.018176934393458678,0.9926011559650207
0.25,0.0025,5.0,0.018214174557771797,0.9927353851185486
-0.25,0.0025,2.0,0.018218967332274672,0.9927814178008865
0.25,0.005,5.0,0.018267791785026088,0.9926411749866664
0.0,0.0025,2.0,0.01846396723989473,0.9924929712808587
0.0,0.01,2.0,0.01847235105293081,0.9923046873542746
0.0,0.005,2.0,0.01860626554750775,0.9923030688420605
0.25,0.0025,3.0,0.018622315508343243,0.9923277166148513
0.25,0.005,3.0,0.018970216953291826,0.991946603300279
0.25,0.01,3.0,0.019179992125574075,0.9916371575228279
0.25,0.0025,2.0,0.019352781322943338,0.9916344355551246
0.25,0.005,2.0,0.020105808711280596,0.9908812032867618
0.25,0.01,2.0,0.020628370084324058,0.9902727034405786
