,In-sample 2015-20,Out-of-sample 2021-26,Full
TE replica vs GSLC,0.017020487365816874,0.022471520920229953,0.020008431285664072
Corr replica-GSLC,0.9936186114231997,0.9890384747814416,0.9911725291109289
Ann replica,0.16724935157168042,0.1672357179160533,0.1672421704660434
Ann GSLC,0.13837721656720414,0.13445385301932866,0.1363090238594742
Ann SPY,0.1427099805646017,0.14814791750691847,0.1455710194176627
GSLC TE vs SPY,0.013321835291425234,0.014096619644216534,0.013733913268273805
GSLC active vs SPY,-0.004332763997397571,-0.013694064487589808,-0.009261995558188518
Replica active vs SPY,0.024539371007078703,0.019087800409134825,0.021671151048380688
"Corr active returns (rep vs GSLC, both vs SPY)",0.33144613453204075,0.03695534354873262,0.16547310952622474
