,replica,gslc,spy,gslc_active,replica_active
2015,-0.004710855517591095,-0.009483327543369335,-0.01369029576955283,0.004206968226183494,0.008979440251961734
2016,0.13435755093444834,0.08287274618603835,0.11997862950248273,-0.03710588331644438,0.014378921431965619
2017,0.2555201102773925,0.22488906521414886,0.21705413728410594,0.007834927930042923,0.03846597299328658
2018,-0.031726937368726116,-0.04072769784198671,-0.045689695248810946,0.004961997406824237,0.01396275788008483
2019,0.33327772427986546,0.3074592569865806,0.31223828002166387,-0.004779023035083263,0.02103944425820159
2020,0.2149845819096612,0.18551203791867654,0.18331631162305806,0.002195726295618483,0.03166827028660313
2021,0.30848337202682163,0.27173400598236186,0.2872875609211232,-0.015553554938761316,0.02119581110569846
2022,-0.18228534503316518,-0.18712752740720795,-0.18175356462492287,-0.00537396278228508,-0.0005317804082423105
2023,0.30118653219440583,0.2509384355924429,0.26175790333652493,-0.010819467744082045,0.0394286288578809
2024,0.2864771509453419,0.24210576034448938,0.2488646294579686,-0.006758869113479227,0.03761252148737326
2025,0.19782791616590378,0.16167336053506087,0.17719063776702626,-0.015517277231965387,0.020637278398877523
2026,0.13411139400659078,0.10694757816323808,0.1326342767103843,-0.025686698547146225,0.001477117296206476
